itemId,title,outdoor,time,genre
0,上海迪士尼度假区,1,4,·上海迪士尼乐园是中国内地首座迪士尼主题乐园，欢迎来到一个前所未见的神奇世界。·乐园分为米奇大街、奇想花园、梦幻世界、探险岛、宝藏湾、明日世界和迪士尼·皮克斯玩具总动员七大主题园区。·乐园内拥有世界上最大的迪士尼城堡“奇幻童话城堡”，游客可以在乐园内与众多迪士尼朋友互动，感受独特的沉浸式体验。·建议提前下载上海迪士尼度假区官方APP，查看乐园地图、等候时间、项目及演出时间、领取FP等。
1,田子坊,1,3,·由上海最具特色的石库门里弄演变而来，位于浦西，堪称很小资的地点之一。·名字是画家黄永玉起的雅号，个性、文艺的年轻人初到上海定奔此地，感受田子坊与众不同的个性。·走在田子坊，迂回穿行在迷宫般的弄堂里，特色小店和艺术作坊不经意间跳入视线。从茶馆、露天餐厅、露天咖啡座、画廊、家居摆设到手工艺品，以及众多沪上知名的创意工作室应有尽有。
2,外滩,1,2,·位于上海市中心黄浦区的黄浦江畔，是最具上海城市象征意义的景点之一。·长1.5公里，由南向北漫步，左手边是宽阔的中山东一路，路边一字排开着数十栋风格迥异的外国建筑。·紧靠上海的母亲河—黄浦江，江上巨轮穿梭，江对岸则矗立着金茂大厦、环球金融中心等摩天建筑。·夜晚，浦江两岸霓虹齐放，适合与爱人漫步在外滩，感受着“不夜城”的韵味与浪漫。
3,东方明珠,2,3,·毗邻黄浦江，与外滩隔江相望，是上海的标志性文化景观之一。·集都市观光、时尚餐饮、购物娱乐、历史陈列、浦江游览、会展演出等多功能于一体，是全国首批5A级旅游景区。·高468米，从上到下有11个球体串联。位于267米球体的旋转餐厅，是360°观赏上海夜景的绝佳去处。·259米处为悬空观光廊。通道采用钢结构，玻璃敷设地面与墙体，可以俯视黄浦江和陆家嘴全貌。
4,朱家角古镇景区,1,4,·俗称“角里”，离上海最近的江南水乡古镇，是上海四大历史文化名镇之一。·镇内小桥流水，古意盎然，展现出江南水乡的缩影。·最出名的放生桥是上海地区最大的一座五孔联拱石桥。·北大街很多特色小吃店，有著名的阿婆粽，还有各种精致的糕点都可以在这里吃到。
5,1933老场坊,2,2,·是由宰牲场改造的一座别具特色的创意园区，经常举办话剧表演、时装秀等，属于艺术聚集地。·整个建筑融汇了东西方特色，外方内圆的建筑结构、纵横交错的廊桥，营造出迷宫一般的效果。·独具匠心的设计、令人惊叹的空间，这里还承接过法拉利F1派对、雷达表50周年庆等大型商业活动。·这里还是《小时代》的取景地，天气好的时候还能看到不少新人在这里拍摄婚纱照。
6,上海海昌海洋公园,2,4,上海海昌海洋公园被评定为国家4A级旅游景区，公园紧密围绕海洋文化特色，分为人鱼海湾、极地小镇、冰雪王国、海底奇域、海洋部落五大主题区；拥有《虎鲸科普秀》、《海豚恋曲》、《海象嘻游记》、《白鲸之恋》、《海兽科普喂食秀》、《人鱼童话》、《水舞鱼间》、《小镇派对》、《水上飞人》、《国风盛会》、《飞仙小龙女》、《七萌环游记》、《小丑见面会》、《海洋梦幻花车巡游》、《幻海之境》、《海洋电音趴》十六大明星剧目；设有南极企鹅馆、海兽探秘馆、冰山北极馆、海底世界馆、火山鲨鱼馆、珊瑚水母馆六大动物展示场馆；内有北极熊、帝企鹅等三万余只珍稀海洋动物；更有火山漂流、海豚过山车、时空缆车、深海奇航、天幕影院、超感4D影院六大游乐设施设备；同时配套上海海昌海洋公园度假酒店，拥有企鹅、美人鱼等五大海洋主题客房，为游客带来精彩纷呈的海洋梦幻之旅！
7,豫园,1,3,豫园位于上海豫园旅游商业区的东北部，与上海城隍庙、上海豫园旅游商城毗邻，是江南古典园林，闻名中外的名胜古迹和游览胜地。1982年被国务院批准成为全国重点文物保护单位。豫园原是明代的一座私人园林，始建于嘉靖、万历年间，距今已有四百五十余年历史。园主人潘允端，曾任四川布政使。现豫园占地2公顷，楼阁参差，山石峥嵘，树木苍翠，以清幽秀丽，玲珑剔透见长，具有小中见大的特点，体现出明清两代江南园林建筑的艺术风格。豫园内至今还保存着“海派书画”的发祥地—“藏书楼”、上海小刀会起义指挥部所在“点春堂”等史迹。历代古人对豫园有“奇秀甲于东南”、“东南名园冠”等赞誉。
8,南京路步行街,1,2,·全国十大著名步行街之一，是上海开埠后最早建立的一条商业街。·这里是百货公司的聚集地，商品类目齐全，是购物者的天堂。·随处可见富有创意的城市雕塑，街中央还有大量椅子供游客小坐，文艺时尚气息十足。·南京路步行街上，可以看到像缩小版旧式电车的铛铛车穿梭往来，很有老上海的味道，不妨体验一下。
9,上海野生动物园,1,3,•上海野生动物园是集野生动物饲养、展览、繁育保护、科普教育与休闲娱乐为一体的主题公园。景区于1995年11月18日正式对外开放，地处上海浦东新区，占地153公顷（约2300亩），是首批国家5A级旅游景区。•园区居住着大熊猫、金丝猴、金毛羚牛、朱鹮、长颈鹿、斑马、羚羊、白犀牛、猎豹等来自国内外的珍稀野生动物200余种，上万余只。•步行区，让您在寓教于乐中进一步了解动物朋友。不仅可以观赏到大熊猫、非洲象、亚洲象、长颈鹿、黑猩猩、长臂猿、狐猴、火烈鸟、朱鹮等众多珍稀野生动物，更有诸多特色的动物行为展示和互动体验呈现。•游客须知：即日起园内实行全面禁烟！为了您和其他游客及动物们的健康，请不要在园内吸烟，敬请配合，多谢理解！
10,上海科技馆,2,3,"·是上海最大的科普教育殿堂,在这里可通过各种现代化设备全方位了解自然科学。·馆内包括天地馆、生命馆、智慧馆等五个主要展馆、七个展区和立体巨幕、球幕、4D等四个影院。·展品十分丰富，有数百件精美的野生动物标本、有各种功能迥异的机器人表演以及多种科技发明的展示。·馆内涉猎的自然常识和科技知识非常丰富，而且有孩子参与、感受、互动的环节，是亲子游的好去处。"
11,泰晤士小镇,1,2,·模仿英国泰晤士建造的高档别墅区，建筑很有特色，每个街区都呈现不同外观效果，是居住、旅游、休闲多项合一的大型社区。·小镇里有一座教堂，东面有湖面景观和游艇码头，还有小火车可以游览小镇。 ·小镇在现有的基础上提出创意产业集聚区的概念，在这里可以观看各种艺术展览。雕塑、摄影、剪纸。书法，各种创意产业生根发芽。
12,上海环球金融中心,2,2,·共100层，设有观光天阁，是目前世界上最高的观景平台，超过“世界最高观光厅”的加拿大CN电视塔。·漫步在474米高的观光天阁，有如云中漫步。俯瞰上海，浦江两岸美景尽在眼底。·97层观光天桥的玻璃幕顶可以打开，一旦天气条件允许，游客可直接抬头看到蓝天白云。
13,马勒别墅,2,2,马勒别墅是1936年建造完成的私人花园别墅，主建筑为三层北欧式挪威风格，室内装饰十分讲究，过道、走廊等处都装有护墙板，到处都雕着美丽精致的图案，室内穹顶上装有彩色玻璃，在阳光的照射下呈现出斑斓柔和的色彩。这里起初为犹太富商马勒所有，后几经转手，1989年成为上海市一级近代保护建筑，2005年变身为衡山马勒别墅饭店对外营业。可以免费进去餐馆拍照，也可以在花园中享受浪漫的欧式下午茶。
14,武康路,1,1,·有37处历史建筑的“中国历史文化名街”，被誉为上海中心城区最具欧陆风情的街区之一。·这里也是名副其实的“名人路”，文学巨匠巴金、黄兴、宋庆龄等都曾居住于此。·除了名人故居，99号一幢尖顶耸立的特色洋房是正广和老屋，电影《色戒》在此取景。·西班牙式、法国文艺复兴式等风格的建筑极富特色，两旁的古树郁郁葱葱，适合散步拍照。
15,上海杜莎夫人蜡像馆,2,2,上海杜莎夫人蜡像馆于2006年5月1日落成，是全球第六家、中国内地第一家的杜莎夫人蜡像馆。身为亚洲旗舰馆，上海杜莎夫人秉承杜莎传奇非凡的品牌历史和匠人精神，并感知当下潮流文化，以名人为创作灵感，提供一个趣味性强、沉浸式的游玩体验。精湛蜡艺定格巨星光辉 有着近两百年多历史的杜莎夫人蜡像馆源起于伦敦，经历了法国大革命、世界二战后，顽强的存活下来，并且规模更大、技术更精湛，成为世界名人殿堂。上海杜莎更传承品牌经典，以精湛蜡像工艺，融合多彩的历史、定格21世纪的巨星光辉。零距离玩转中外娱乐盛宴上海杜莎拥有最先进的高科技元素，为全球拥有最丰富互动体验的场馆。馆内设有十二个主题展区，包含内地首尊心跳科技朱一龙蜡像、全球第一尊机器蜡像——《捉妖记》中的井柏然与胡巴；音乐梦工厂的光影炫酷AR互动体验，邀您与TFBOYS、女神卡卡尽情放声歌唱；FASHION时尚专区的潮流秀场，与天使超模Alessandra Ambrosio上演T台大秀、A-LIST顶级派对专区的星光璀璨盛典，在红毯上您可以遇见妮可基德曼、汤姆克鲁兹、唐嫣、杨紫琼、朱一龙、郑恺，与明星们一起体验被镁光灯追逐的惊喜与梦幻；英伦皇家派对专区的下午茶飨宴，邀您在游览间隙与英国女王伊丽莎白二世、威廉王子、凯特王妃一同感受正统英伦皇家文化；影视娱乐专区的沉浸式影视场景中，您可以与何老师同台主持《快乐大本营》、也可以重温《康熙来了》的感动，与小S和蔡康永聊聊娱乐圈趣闻；《盗墓笔记》IP实景体验区，还原九头社柏、西沙海底、云顶天宫、青铜门等经典场景，惊现刺激就等您来挑战！精彩无比的视听效果及新奇刺激的互动体验，让参观者仿佛置身于著名时代或场景之中，与心爱的偶像零距离接触，感受明星的魅力风采。
16,中华艺术宫,2,2,·曾是上海世博会的中国国家馆，现有藏品8000余件，收藏了大量张聿光、吴冠中等著名画家的画作。·艺术宫的展厅主要位于0米层、5米层、33米层、41米层、49米层，推荐从上往下依次参观。·最有看点的是镇馆之宝——多媒体版《清明上河图》，位于49米层，但需另付门票才能观赏。·除此之外，还有皮影艺术展、近现代美术展、上海艺术家邀请展等多个展厅可供观赏。
17,上海自然博物馆,2,3,·上海自然博物馆是中国最大的自然博物馆之一，展出了上万件标本藏品，内容丰富。·博物馆共有五层，常设展览有10个，分为自然演化、生命环境、人类文明三个体系。·最具看点的是体长约26米的中加马门溪龙的骨架，这是亚洲最大、世界上脖子最长的恐龙。·探索中心是小朋友的最爱，能体验到亲手挖掘化石的成就感，亲子出游的朋友不要错过（需现场提前预约）。
18,上海海洋水族馆,2,3,·海洋水族馆共有三层，进入水族馆后乘电梯上三层，然后由上至下参观。·其中包括中国展区以及美洲展区等等，每个展区的海洋生物种类都非常的丰富。·整个展馆就是以主题、图片、等不同的效果，展示的各类的海洋生物。·海洋馆里还有世界上唯一展示亚马逊热带雨林的观光隧道。在一层还包含了一个快餐厅。
19,上海四行仓库抗战纪念馆,2,2,四行仓库建于1931年，是一座钢筋混凝土结构的六层大厦，因是旧上海金城、中南、大陆、盐业四间银行共同出资建设的仓库而得名。淞沪会战时期，这里曾驻扎452名国民党将士英勇抵抗日军的进攻。抗战纪念馆大门入口处保留了原四行仓库的铁门，斑斑銹迹。四行仓库抗战纪念馆包括序厅、“血鏖淞沪”、“坚守四行”、“孤军抗争”、“不朽丰碑”及尾厅等六个部分。纪念馆以一封谢晋元在赴淞沪战场前写给妻子凌维诚的家书开篇，展现了以谢晋元为首的“八百壮士”在国难当前之际，舍家为国的家国情怀，展现出对抗战必胜的坚定决心。展览运用实物、雕塑、现代科技等手段再现当年战斗场景，通过图文展板、巨幅绘画等形式展示上海人民投身全民族抗战、共御外侮的历史事实，以及中外各界对“八百壮士”英雄事迹的颂扬和缅怀
20,宝藏湾,2,2,"“宝藏湾”是全球迪士尼乐园中第一个以海盗为主题的园区，特别为上海迪士尼乐园打造。这里住着一群乐天随性的海盗，四处寻找有趣的远洋冒险。当游客踏入“宝藏湾”时，会情不自禁地沉浸在海盗的生活中，游览“船奇戏水滩”、“史洛比希堡”、“旱鸭子码头”和“小镇”,领略每一处的独特风情和魅力。大小游客还可以在“加勒比海盗——沉落宝藏之战”为史诗般的场景所惊叹，或在“凡迭戈剧院”近距离观赏“风暴来临——杰克船长之惊天特技大冒险”时大呼过瘾。"
21,上海影视乐园,1,2,·为中国十大影视基地之一。有旧上海的市井风情，有欧式的标准庭院。老上海特色的风貌是其特色之一。·乘坐乐园有轨电车或黄包车，走一走30年代的老上海传统街道、尝一尝旧上海的风味小吃，都非常有趣。·电视剧《情深深雨濛濛》《麻雀》、电影《建党伟业》《功夫》等作品都是在这个乐园里取的景。·上午10:30或下午2:30左右，如果你听到枪炮声或爆炸声，请不要害怕，因为这里还在进行影视拍摄。
22,花开海上生态园,1,2,花开海上生态园位于上海市金山区朱泾镇西侧，面积约40万平方米，北邻风景秀美的秀州塘，是融合科普、展示、观赏游览于一体的赏花主题公园。公园由花海、梅园、樱花园、秋景园四大园区组成。花开海上生态园位于上海市金山区朱泾镇西侧，占地600亩。由花海、梅园、樱花园、秋景园组成。春秋两季虞美人、格桑花大型花海连绵起伏，自然野趣，色彩绚丽，蔚为壮观；早春梅园多姿多彩，暗香浮动，心旷神怡；仲春樱花浪漫，海棠妩媚、玉兰雅致，一步一景；初冬时节红林尽染，荻花飘舞，曲径漫步，诗情画意。
23,老上海1930风情街,2,2,"上海1930风情街这是一条怀旧情调的市民休闲街,取名为“上海1930风情街”它是城市规划展示馆展示内容的一部分。 在这条街上,还有上海茶馆、老虎灶、咖啡馆、石库门客堂间和1:1复制的旧式消防栓,配上变幻的天幕，仿佛将游客带入到30年代老上海的城区之中,令人回味无穷。"
24,陆家嘴,2,3,·陆家嘴位于浦东新区的黄浦江畔，与外滩隔江相对，国内外首屈一指的金融商圈，现在已是上海最具魅力的地方。·汇集了东方明珠、上海国际会议中心、环球金融中心等高楼大厦，林立的摩天大楼让人仿佛置身于一片城市森林。·晚间，站在高楼大厦之上，俯瞰灯火辉煌的夜景，会更高感受到一线城市的现代感。·这里是时尚达人聚集的地方，各种国际大牌，购物的好去处。
25,七宝老街,1,2,七宝老街位于上海市闵行区七宝古镇的新街青年路傍，汉起形成，到宋初发展、明清繁盛，至今已有1000多年历史。七宝古镇同属江南太湖流域的千年古镇，风景如画，典型的城中之镇，又是离市区最近的古镇。·分为南北两大街，南大街以特色小吃为主，北大街以旅游工艺品、古玩、字画为主；整条街古色古香。·尽量避免节假日和周末等人气高峰前往，提前做好计划。
26,武康大楼,2,1,武康大楼，坐落于淮海中路和武康路交叉口，形状扁扁的，像熨斗一样，外观为法国文艺复兴式风格，一些文化演艺界名流均入住过这里。武康大楼附近充满了法式风情，坐在路边咖啡店的露天餐桌上，喝杯咖啡、晒晒太阳，仿佛进入另一个时空。大楼始建于1924年，由万国储蓄会出资兴建，由旅居上海的著名建筑设计师邬达克设计，是上海第一座外廊式公寓大楼
27,崇明岛国家地质公园,1,4,"""崇明岛国家地质公园， 2005年9月19日经中华人民共和国国土资源部批准建立。其范围涵盖整个崇明岛，东西宽约为76公里，南北宽约13～18公里，面积约1200平方公里。公园雄踞于万里长江的入海口，南与嘉定、宝山隔江相望，北与江苏海门、启东一衣带水，犹如蕴含于长江巨龙口中一颗熠熠生辉的明珠。"""
28,人民广场,2,1,"人民广场是上海最大的公共广场，由租界时代“远东最大的跑马厅”改造而成，也是上海的地标。
·广义上的人民广场，主要是开放式的广场、人民公园以及上海大剧院、上海博物馆等建筑组成。
·广场地下建有香港名品街、迪美购物中心和老上海1930风情街，展示了20世纪30年代的上海旧貌。
·广场中央是一片喷泉，晚上大约每半小时喷一次水，在各色灯光照射下很美，是个纳凉的好去处。"
29,青西郊野公园,1,2,青西郊野公园是2016年下半年建成的郊野湿地类公园，位于上海市青浦区金泽镇莲谢路大莲湖周边。公园以大莲湖为核心，串起周边湿地、湖泊、树林、鱼塘、农田、河道、民居，湖滩荡岛纵横交错。青西郊野公园位于上海市青浦区西部的金泽镇，这部分总面积大约是22平方公里。虽然在定位上来说，青西郊野公园公园属于“远郊的郊野公园”，但它距离上海市中心的距离也不到40公里
30,枫泾古镇,2,3,·枫泾古镇是典型的江南水乡，古镇河道纵横，桥梁有52座之多，最古老的桥已经有近700年历史。·街道两旁是两层楼房，木格窗露出原木本色，是原汁原味的晚清风貌。 ·古镇有两条主要的街道，主要景点有丁聪漫画馆、三百园、东区火政会等。·每逢节假日和旺季，枫泾古戏台上会有免费的传统戏剧节目表演。·枫泾古镇南大街的头上有游船码头，可以坐船体验水乡风情。
31,新场古镇,1,4,如果不是著名电影《色戒》、《叶问》在此取景，或许新场古镇还继续隐藏在都市深处。这里的民居多是清末民初建筑，许多是典型的中西合璧风格。新场大街纵贯古镇，新场的商业氛围不浓，店家大多为镇内居民服务。而街道上来来往往的人群，也多是当地百姓。少有矫揉造作的装饰，原生态的环境让初访的游人很快便融入当地人的生活氛围。每年四、五月桃花盛开时，还可到位于新场镇西面、沪南公路的新场桃源赏桃花。
32,甜爱路,1,1,·被誉为上海最浪漫的爱情马路，仅600米长，传说牵手走过这条小路的情侣可以收获永恒美满的爱情。·马路两侧每隔两米有个木框，共刻有28首中外著名的爱情诗篇，组成了一道“爱情墙”。·甜爱路上有一个爱心邮筒，从这座爱心邮筒投出的每一封信函，都将被盖上一枚英文“LOVE”的邮戳。·每逢情人节，都能看到盖爱心邮戳的窗口前排着长队的景象。
33,1192弄老上海风情街,2,2,位于上海世纪大道世纪汇商厦地下2层的1192老上海风情街，是一条以上海滩埠头文化为主线，融合了黄包车、码头、旧轮船、旧自行车、酒吧、化妆品店海报、有轨电车等多种场景，让游客有很强的代入感，甚至能在一秒内穿越进像《雨中情深》这样的影视剧场景。从1192旧上海风情街走来，你可以看到成群的时髦姑妈或身穿旗袍的美丽小妹妹们，在每个拍摄点拍照留念，她们也成了寻找风景的对象。最引人注目的是风情街上的“轨道”车和仿古电车，它们支撑着整个街景。
34,思南路,1,2,·思南路曾是法租界内的一条马路，道路两边是参天的法国梧桐树，充满文化气息。·在思南路的两边有二十多幢1920年代建造的花园式洋房，样式多变，几乎汇集了世界各地的建筑风格。·如今的思南路，还保留着纪念周恩来的“周公馆”、孙中山故居、梅兰芳故居等景点。·沿街也开着一些特色小店，可以去咖啡店里坐坐，或逛逛古董店，感受一下这座城市的历史和浪漫。
35,金山城市沙滩,1,3,城市里的人造海滩。夏天这里是收费的海水浴场，可以游泳，也可以玩水上自行车、摩托艇等娱乐项目。到了淡季就不要门票钱了，和家人一起在海边放风筝、堆沙子、玩烧烤。金山城市沙滩，位于杭州湾北岸，金山区南端，全长约2公里，由东北向西南徐徐延伸，因紧邻城区而得名。城市沙滩总长3529米，保滩大坝围水面积为1.5平方公里，采用高水隐堤的办法，隔绝了东海的浑浊，营造了一片碧蓝澄澈的海水；金山城市沙滩是一条集海景、海趣、海乐、海韵为一体的城市景观海岸线，更是一条充满浪漫、充满梦幻、充满遐想的亮丽风景线。金山城市沙滩的海水采用物理沉淀、生物降解、人工造浪、自然循环处理，辅以陆上的雨水收集系统和水中的动、植物链，科学地改造沙滩，打造了金沙碧水的城市景观岸线
36,上海老街,2,2,·上海老街又称“小东门”，汇集了上海最早的钱庄、金店、银楼、茶馆、戏楼等，体验老上海的好去处。·这是条风格独具的集旅游观光、购物消费、休闲娱乐、文化展示于一体的多功能特色街。·老街重现了老上海茶馆、春风得意楼、西施豆腐房等百年老店，同时开设丹凤茶楼、名医堂等传统特色商铺，有名的春风得意楼也在这里。
37,上海欢乐谷,1,4,·上海欢乐谷不仅是情侣们的约会圣地，也是适合全家游玩的大型主题乐园。一场场前所未有的欢乐盛宴，一次次惊心动魄的欢乐体验，一声声响彻云霄的欢乐呼喊，都能在这座欢乐殿堂里找到。·上海欢乐谷包含了“阳光港、欢乐时光、飓风湾、金矿镇、蚂蚁王国、上海滩、香格里拉”七个主题区。园区内最热门的是木质过山车谷木游龙和全园制高点天地双雄，一定不要错过。·除了 50 多项先进的娱乐设备外，欢乐谷内每天还有 20 余场超炫的各类表演，如室内大型马戏表演、室外影视特效表演、大型马战实景史诗表演，花车巡游等。预订提醒：1、请游客出示上海市动态健康码（“随申码”），验证为绿色的游客方可入园。注册方式：打开“随申办”APP或微信小程序、支付宝小程序进行填写。2、请游客配合工作人员进行测量体温。体温超过37.2°或不接受测量体温的游客将被劝返。3、景区入口处设有临时隔离区，若有发烧现象的游客及同行者，将按照流程进行暂时隔离，并交由疫情防控相关机构处理。4、请您入园时自觉佩戴口罩，未佩戴口罩的游客将被劝离。5、因疫情防控要求，景区当前实行限流游览，接待游客量不超过最大承载量的30%。请游客们有序入园且保持1.5米间的距离，听从现场工作人员安排。6、游玩期间如有身体不适，尤其是出现发烧、咳嗽等症状，请及时就近联系园内工作人员，切勿隐瞒。7、园区已采取全方位的消毒防疫措施，并对全体员工进行了专业的防疫安 全服务培训，公共洗手间配备消毒洗手液、一次性纸巾，请您安心游玩、使用。如有困难，您可寻求工作人员帮助。8、为确保安全，景区可能因异常天气、特殊活动、游客饱和、设备检修等原因调整开闭园时间、项目或表演开放时间，请以当天景区现场公告为准。9、所有游乐项目均会定期进行日检、周检和年度检查，相关检修工作可能会造成部分游乐项目运行时间延迟或暂停开放，详情以现场公告为准。10、门票对景区内另行收费的项目无效。收费项目请参考园内公告。11、发票及订单问题请联系在线客服索取，景区不提供报销凭证。
38,共青国家森林公园,1,2,·共青森林公园是上海中心城区面积最大的以森林为主要特色的公园，设南、西、北三个出入口。·公园以植物造景为主，植树近20万株，共有松涛幽谷、丛林原野、秋林爱晚、水乡映秀等十二大景区。·南北两园风格各异，北园共青森林公园着重森林丘陵湖泊草地，南园万竹园则小桥流水一派南国风光。·园内还设有烧烤、手划船、森林火车、卡丁车、激流勇进、攀岩等野趣性的娱乐项目30多项。
39,外白渡桥,1,1,·架设在上海苏州河与黄浦江汇合处的外白渡桥，为钢架结构下承式桥，是上海市区最大的一座钢铁桥。·外白渡桥已有百年历史，承载着老上海的历史文化，也见证着新上海的日新月异，在许多老上海的电视剧中都可见其身影。·赏桥需站在远处观全景，又可立于桥上亲密接触，同时欣赏苏州河两岸风景。·幸运的话也许还能看到新人玩摄影，趁红灯无车的空当，在桥上拍下个性又独特的婚纱照。
40,M50创意园,2,2,·M50是莫干山路50号的简称，是由原上海春明粗纺厂等纺织厂房改建而成的创意园区。·最大的特色是沿街的涂鸦和免费的画廊展览，可以看到抽象的、水彩的、油画的等各种画家的作品。·这里有来自世界各地的130余位艺术家以及画廊、艺术工作室等。还有一些创意涂鸦和咖啡厅等等。·电视剧《何以笙箫默》取景地之一就是在这里。许多年轻人喜欢到此打卡拍照。
41,东平国家森林公园,1,4,·位于崇明岛中部，远离市区的喧嚣，环境优美、野趣浓郁，是夏季避暑的好地方。·这里有各种娱乐设施和体验项目，可以一边欣赏花卉植物，一边骑马射箭，还可以亲手喂食小动物。·公园深处有烧烤区和露营基地，在森林中自助烧烤很有意思，可以自带食材去试一试。·这里共有两个门，可以在门口租用自行车代步。同时如果想要烧烤，请避开节假日，那时烧烤区人很多。
42,上海琉璃艺术博物馆,2,2,这座上海唯一的琉璃艺术博物馆，由台湾艺术家张毅、杨惠姗创办并设计。博物馆的外墙上攀附着两朵巨型金属网牡丹花，好似从琉璃中绽放出来：白天，花影静谧；入夜，花姿绚丽，呈现出浓郁的现代艺术意味。近百件历代琉璃珍品在馆内展出，不仅有中国古代人民的劳动结晶，亦有曾亮相19世纪巴黎世界博览会、被誉为“世界琉璃之父”的法国艺术家Emile Gallè的作品；54件造佛作品则集中展示了艺术家杨惠姗23年的智慧与辛劳。展品中最令人惊叹的是耗时10年创作的“今生大愿”观音造像，这尊源自敦煌莫高窟元代壁画的立体复原作品是该博物馆中唯一一件非琉璃材质的作品。其上空是精心设计的多媒体投影——飞天，观音的座下是一朵朵剔透的黄色琉璃莲花。
43,迪士尼小镇,1,1,"""迪士尼小镇是上海迪士尼度假区的一部分，毗邻上海迪士尼乐园，是与亲朋好友休闲出游的好去处。延续乐园的神奇体验，在这里你可以漫步于百老汇大道，在品味国际化街区风情的同时，一站购买由轻奢至时尚的多元且高质量的好物。你也可以沿着百食香街的鹅卵石街道，寻觅品尝丰富多样的世界美食。在迪士尼小镇湖畔，你将被宁静的星愿湖美景所围绕，在这里你可以放松心灵，与家人朋友享受宁静。波光粼粼的湖面美景，也让其成为浪漫时刻和周年纪念的理想场所。除此之外，迪士尼小镇全年都有精彩丰富的活动带给你无限惊喜，无论是风格各异的乐队演出，还是独具迪士尼特色的主题活动，都将让你每一次的迪士尼小镇之旅都充满愉悦。迪士尼小镇也是迪士尼朋友休闲玩耍的后花园，在这里，奇妙的魔法正在延续；在这里，每个人都乐在当下，灵感迸发；在这里，也许在下一个街角路口，你就将与奇妙不期而遇。"
44,上海辰山植物园,1,3,·上海辰山植物园一年四季都有植物观赏，即使是冬天，展览温室里也呈现出郁郁葱葱的景象。爬到山顶可俯瞰公园全景。·园区还有专门为盲人设置的植物园。针对他们的触觉、听觉、嗅觉等需求，种植无毒、无刺、具有明显的嗅觉特征的各类植物。·每年春天是游览的最佳时间；夏天可以来植物园欣赏睡莲等水生植物；秋天也有菊花盛开。·植物园还会举办各种花展，如春节的迎春展，3月底到4月的兰花展，秋天的秋韵展等等。
45,秋霞圃,1,2,秋霞圃，中国南方古典园林艺术的又一代表，一般认为是南宋时期修建的秋霞圃同时也是是上海五大园林之一，并以其布局精致、环境幽雅，小巧玲珑的特点而受到广大游客喜爱。而其建筑风格中的“小中见大”、曲折有致特点吸引了广大建筑学家们研究。秋霞圃是中国江南著名的古典园林，位于上海嘉定区嘉定镇东大街，东邻秋霞公寓，西毗陆俨少艺术院，南连东大街，北依启良路。秋霞圃是一座具有独特风格的明代园林，由三座私家园林明代龚氏园、沈氏园、金氏园和邑庙（城隍庙）合并而成，全园面积45.36亩。该园分为四个景区：桃花潭景区（原龚氏园）、凝霞阁景区（原沈氏园）、清镜塘景区（原金氏园）及邑庙景区。秋霞圃布局精致、环境幽雅，小巧玲珑，景物与色彩的变化都不大，好像笼罩着一层淡淡的秋意，让人充满着诗情画意的遐想。秋霞圃与松江醉白池、上海豫园、南翔古漪园、青浦曲水园并称为上海五大古典园林，园内建筑大多建于明代，而邑庙则可以上溯至宋代，如果按其中的邑庙部分的始建时间推算，可称为五大园林中最古老的园林。
46,上海中心大厦,2,2,·上海中心大厦一座超高层地标式摩天大楼。位于上海的陆家嘴贸易中心。·楼高632米，地上就有119层。外形类似一个吉他的拨片，每上升一层扭曲近1度，成螺旋式的外观。·其中“世界之巅”即是功能体验区，有城市展示观看台，娱乐，VIP小型酒吧、餐饮、观光会晤等功能。·在高楼的外部还有景观灯和主题灯光秀，除了正常的灯光展示，还与周围建筑群景观灯呼应。
47,东滩湿地公园,1,3,东滩湿地公园位于崇明岛的最东端，处于长江入海口，这里空气清新，又有一望无际的芦苇布满滩涂，走在木栈道上是一种亲近自然的享受。东滩是观日出的胜地，而每当秋冬候鸟迁徙的季节，可站在园内的观鸟台上观远处群鸟或飞翔或栖息，又有另一番生动自然的乐趣。东滩湿地是亚太地区候鸟迁徙的必经之路，也是水禽的越冬地。湿地公园内部的设施还算齐全，可以乘船游玩，还可以烧烤、露营、垂钓等。11月至来年3月是观鸟最佳时节，届时可看到成千上万的雁、鹭等飞禽，十分壮观。而最佳的观鸟时间是清晨，恰好也是赏日出的时间，可谓一举两得。公园中央建有观鹭台，便于登高观鸟。但东滩的地理位置偏远，交通不便，所以如果想清晨来赏日出观鸟，最好是住在附近的乡镇，而且最好自驾车。进入东滩湿地公园，依次经过湿地景观区、湿地生境修复区、水禽栖息地、雨水收集区几大区域，可以看到辽阔的芦苇丛以及湿地湖泊。春夏季来这里可以看到草丛中的各种花卉植物，但很难看到候鸟
48,上海动物园,1,3,·上海动物园邻近虹桥机场，原名西郊公园，是许多老上海人的回忆，也是中国第二大城市动物园。·整个园内花繁叶茂、环境清幽，更有小河穿流其中，走在园中可以感受到大都市内难得的自然生态气息。·园内共有620余种动物，除了两栖爬行类、食草动物、猛兽飞禽等动物展区，还有科教馆、蝴蝶馆等展馆。·小朋友们还可亲自喂食小动物，或去大草坪上玩耍晒太阳、划船、坐摩天轮也是不错的选择。
49,广富林文化遗址,2,2,广富林古文化遗址位于松江区广富林街道广富林路以北、银泽路以南、沈泾塘以东、油敦港以西，广富林村及北部一带。1977年12月，广富林古文化遗址被公布为上海市文物保护地点。2013年5月，广富林古文化遗址被国务院核定公布为第七批全国重点文物保护单位。基于此的广富林遗址公园已在规划建造中，现已初具规模并有望成为松江大学城内重要的文化旅游的设施。广富林遗址是一处新石器时代~东周时期的遗址。广富林文化遗址的远古文明在科学考古中得到初步证实。早在四五千年前的新石器时代晚期，当地就已经普遍种植水稻，这一发现表明了当地具有先进的农业生产方式。另外，这里的纺织历史也很久远，遗址还出土有新石器时代晚期的陶纺轮。广富林遗址公园的开发建设以传承历史文化，保护古镇原始生态肌理为目标，将结合现代城市建设理念，建成一个“水下博物馆”。走进遗址，令人流连忘返的就是广富林文化展示馆。整个展览空间设置在水下，一座座仿佛金字塔般的屋顶漂浮在富林湖中，与周围环境融合，勾勒出美丽的画卷。展厅以“时空之旅”为理念，结合现代视听技术，设计广富林考古记忆、上海成陆演变、先民活动到来、城邑特征形成、松江县府兴盛、上海城市崛起、走向未来明天等场景，让游客在时光隧道中体验和阅读上海这座城市的文明历史。夜晚，这里还举办精彩的灯会活动，从湖底车库口一直到近朱雀门处，40余套大型灯组，霓灯耀彩，美轮美奂。其中，3D Mapping秀是灯会的一大亮点，它将广富林千年历史浓缩为3分钟的磅礴光影，映射在富林塔上，吸引了无数游客驻足观赏。
50,静安寺,2,2,·静安寺是上海市著名古刹，寺院的建筑风格融合藏式寺庙，大雄宝殿中供奉的银佛重达15吨。·寺院现主要建筑有山门、天王殿、大雄宝殿等，远观整座寺庙，一片金色的屋顶，尤为显眼。·静安寺香火旺盛，每逢菩萨生日、纪念日，寺庙都会举行法会，每年阴历四月初八，还会举行3天的庙会。
51,上海当代艺术博物馆,2,2,·上海当代艺术博物馆成立于2012年10月1日，是中国大陆第一家公立当代艺术博物馆，也是上海双年展主场馆。·它坐落于上海的母亲河黄浦江畔，建筑面积4.1万平方米，展厅面积1.5万平方米，内部最高悬挑27米，高达165米的烟囱既是上海的城市地标也是一个独立的展览空间。·上海当代艺术博物馆建筑由原南市发电厂改造而来，2010年上海世博会期间，曾是“城市未来馆”。它见证了上海从工业到信息时代的城市变迁，其粗砺不羁的工业建筑风格给艺术工作者提供了丰富的想像和创作可能。
52,七宝古镇,2,3,"·始建于北宋时期，距上海中心城区5公里，是集游览、观光、餐饮、休闲为一体的江南古镇。·因相传古镇有金字莲花经、神树、氽来钟、飞来佛、金鸡、玉筷、玉斧七件“宝”而得名。·七宝老街在大都市中保留了江南水乡特色，显现出新而又古朴的文化氛围，已为沪上胜景。·面积不大，总共只有几条小街，其主要景点有七宝老街、七宝当铺、周氏微雕馆、蟋蟀草堂等。 ·七宝老街也是一条美食街，整条街都是当地有名的特色小吃,如七宝方糕、七宝羊肉、酒酿糟肉等。"
53,金茂大厦,2,2,"·金茂大厦，又称金茂大楼，楼高420.5米，是上海第3高的摩天大楼（截至2013年）、中国大陆第3高楼、世界第8高楼。·大厦于1994年开工，1999年建成，有地上88层，若再加上尖塔的楼层共有93层，地下3层，楼面面积27万8,707平方米，有多达130部电梯与555间客房，现已成为上海的一座地标。·是集现代化办公楼、五星级酒店、会展中心、娱乐、商场等设施于一体，融汇中国塔型风格与西方建筑技术的多功能型摩天大楼，由著名的美国芝加哥SOM设计事务所的设计师Adrian Smith设计。"
54,石库门,1,2,·最具上海特色的居民住宅，这种建筑以石头做门框，以乌漆实心厚木做门扇，因此得名“石库门”。·上海的石库门主要集中在黄浦区和静安区，绍兴路96弄的石库门是上海保存最完整的石库门之一。·上海的旧弄堂一般都是石库门建筑，许多表现老上海题材的电影电视剧都喜欢到这里来取外景。
55,上海儿童博物馆,2,3,儿童博物馆由航天馆、航海馆、玩具馆和展示厅、球幕电影厅、多功能厅组成。航天馆和航海馆用实物、模型、图片、录像、多媒体等手段，展示了航天、航海技术的过去、现在和未来；玩具馆展示了古今中外的各类玩具，在手工制作室里小朋友还可以自己动手现场制作；环球电影厅每天循环放映180度球幕电影。
56,多伦路文化名人街,1,2,·上海的一条小街，沿路随处可见复古小洋楼和人物雕塑，鲁迅、茅盾、郭沫若等众多文豪都曾在此居住。·除此之外，还有鸿德堂教堂 、夕拾钟楼、左联纪念馆等，这里曾是文化界的藏龙卧虎之地。·现有不少艺术展馆，如多伦现代美术馆、上海报纸博物馆等，可以在此感受到浓郁的文化气息。·街道上海有许多颇具特色的旧书摊，怀旧文物古玩小店，文艺咖啡馆等，是拍照散步的好去处。·多伦路上坐落着非常有名的老电影咖啡馆，处处透露出张爱玲时代的“老上海感觉”。
57,思南公馆,2,2,思南公馆名字来源于思南路。思南路追溯到上海法租界那个时期的路名——马斯南路（Route Massenet），思南公馆酒店的英文名字也就来源于此。该区域从上世纪20年代开始开发，作为当时法租界的核心区域。这一年，沿法国公园（今复兴公园）南面的辣斐德路（今复兴中路），首批花园大宅拔地而起。随后的十年间，辣斐德路以南，马斯南路（今思南路）以东，吕班路（今重庆南路）以西地区的花园洋房陆续建成，吸引了大批当时的军政要员、企业家、专业人士和知名艺术家迁入，周恩来、柳亚子、梅兰芳等名流都曾在此居住，使该地区成为当时上流社会的居停和汇聚之所。今天，思南公馆将49栋经过修缮的历史建筑以及9栋新建筑组成4个相辅相成的功能区 – 酒店，商业，住宅及办公。思南公馆已然成为上海历史文化风貌和优秀历史建筑保留保护项目之一，坐拥51栋历史悠久的花园洋房，同时汇聚了独立式花园洋房、外廊式建筑、花园里弄等多种建筑样式 。集人文、时尚和历史底蕴于一身。
58,上海海湾国家森林公园,1,3,上海海湾国家森林公园是上海第三个国家森林公园，也是上海目前最大的森林公园。公园拥有上海市域内最优良的5.3公里海岸线，园区主要分为三个旅游板块，分别为游乐活动区（包括游乐园、森林卡丁车、森林跑马、森林烧烤等）、水上活动区（农家菜、游船码头等）以及文化观赏区（多种民间收藏馆）。
59,外滩观光隧道,2,1,·是我国第一条越江行人隧道，将外滩和小陆家嘴连为一体，形成了上海旅游景观中最亮丽的一道风景线。·运用现代高科技手段，在隧道内演示各种图案、景象及背景音乐，使过江过程带有极强的趣味性。·是融交通与旅游功能为一体的又一标志性景观工程，是隧道建筑史上的一个创举。
60,黄浦江,1,2,·黄浦江是上海的地标河流，将上海分成浦西和浦东，两岸荟萃了上海城市景观的精华，被称为上海的母亲河。·全长约113公里，杨浦大桥和南浦大桥横跨黄浦江，形成了一道靓丽的风景线。·可乘坐浦江游船游览黄浦江，沿岸的上海国际会议中心、东方明珠等景点都一览无遗。·黄浦江的夜景也十分震撼，两岸灯火辉煌，繁华城市的古典与现代建筑风格，交相辉映，尽显江岸美景。
61,南翔古镇,1,3,"南翔古镇是上海市四大历史名镇之一，早在梁天监四年（公元 505年）建成白鹤南翔寺，因寺得名。历史上曾有""小小南翔赛苏城""之美誉，历史悠久，人文荟萃，文物古迹众多，旅游资源十分丰富。拥有江南四大古典园林之一的古猗园、建于清顺治年间的天恩桥、千年古刹云翔寺、五代砖塔等历史遗迹。有着100多年历史的南翔小笼依然汤汁鲜美，已成为了南翔的特色和象征之一。此外，古镇历代辈出风流人物，如明嘉定四先生之一的李流芳、清代竹刻名家吴之璠、当代国画大师陆俨少等。在镇南约一里处，有上海市内唯一设夜间照明的高尔尔夫球场--东方巴黎高尔夫乡村俱乐部，占地约400亩。"
62,长乐路,1,2,中国上海市长乐路（跨卢湾区、徐汇区和静安区）在1914年—1943年之间的路名，前上海法租界内一条重要东西向街道。长乐路在旧上海叫蒲石路，一条有人物，有故事，有历史的路。从文人到政客，从汪精卫到张爱玲、钱钟书，这些名字都曾经和这条蒲石路密切的联系过。即便在今天，长乐路还是充满了情调和故事。
63,深坑秘境乐园-上海世茂精灵之城主题乐园,1,3,上海世茂精灵之城主题乐园依天马山深坑而建，融合特有的崖壁的自然资源，结合室内室外相结合的概念，打造出独特的深坑内五星级酒店奇观的主题游乐园。乐园硬件新、规格高、互动新奇、体验舒适。外加负海拔近百名的世茂深坑洲际酒店加持，在精灵之城主题乐园内俯瞰深坑云景花园的体验难能可贵。这里是梦寐以归的人间仙境：古老神秘的峡谷丛林、溪瀑纵横的深坑俊岭、翱翔天际的上古异兽、安静蛰伏的树底精灵，全都在此屏息等候——你的大驾光临。精灵之城主题乐园内的玻璃栈道，从地心88米之上感受首尾凌空。天空，潭水，悬崖峭壁，全方位感受神奇之境；乘坐雪鸮号优雅滑行，飞越深坑，至乐园的高点感受“上帝”视角；崖壁飓风摆动高处近30米，与深坑低处形成近百米落差，百米时速、巨幅摆动、顺势自转、上下翻旋，眼睁睁的看着脚底的深渊峭壁；亲子体验区：孩子眼中的世界充满了无限遐想，这里的建筑模型不只是有着漂亮的外观，还超具互动性，可为2-16岁的孩子们提供发挥创造力、锻炼身体素质的平台。
64,愚园路,1,2,·愚园路卧在中山公园和静安寺之间，旧式洋房和新式里弄是这条路上的主流建筑。马路不宽阔，但也不短，全长2.7公里。·愚园路是一条不同凡响的马路，这里住过各式名人，有级别高的汉奸如汪精卫、周佛海等，中共地下党最高领导如刘晓等，大名鼎鼎的老板如严庆祥等，还有众多民主人士、科学家、教育家、钢琴家、作家、音乐人、书画家、电影演员如钱学森、顾圣婴、茹志鹃、祝希娟等，都在此留下过他们的足迹。而傅雷夫妇及张爱玲在此更是居住了长达了三十年之久。·在愚园路上四处散落着历史留下的珍贵印记，坐落在街道上的汪公馆、涌泉坊、愚园路794弄、404号市西中学等等，都是了不起的建筑群。
65,浦江郊野公园,1,2,浦江郊野公园是一座以森林游憩、滨水休闲为主要功能的近郊都市森林型郊野公园，坐落于黄浦江东侧，大治河以北的浦江镇。汇集“郊野、艺术、秋景”三大理念的复合型功能，是浦江郊野公园重要特点。其总面积达15.29平方公里，一期开园范围为5.82平方公里，是上海7个先行试点建设的郊野公园之一，拥有5.3公里的黄浦江岸线资源、成片的林地资源以及丰富的文化资源，是上海规划建设的各郊野公园中最靠近市中心的一个，距离人民广场约20公里。同时，也是上海第一个成为国家4A级旅游景区的郊野公园。
66,巨鹿路,1,2,上海有许多幽静的小马路，但是能够让人留恋的却不多，巨鹿路算是其中一条。这里是近一个世纪前的法租界，仍保留着单行道，参天的梧桐把街道两旁的小洋楼衬得悠然静谧，像是沉睡了千年。即使是到了有些喧哗的初春，她仍旧如同旧上海的贵小姐，悠然自得的走在城市的繁华之中。如此淡定从容，是适合一个人慢慢品味的街道。巨鹿路也用自己的魅力吸引了诸多人的青睐，各色潮流时尚小店驻扎于此。陈冠希的潮流品牌Juice在大陆首家分店，专卖瑞典创意袜子的Coterie，全上海最文艺的书店渡口书店，等等，都是时下最流行且受年轻人喜爱的。
67,上海外滩星空艺术馆,2,2,·上海外滩星空错觉艺术馆是现今的网红潮人必去打卡地，在异度空间领域流连忘返。·展览主题包括遇见梵高、雾时之森、紫藤隧道、无限星空、光之旅等，给以全新的震撼。·超现实的房间，最酷炫的裸眼3D画作，最另类的逗趣背景，炫酷体感游戏，都是全新的刺激体验。·建议避开节假日等高峰期，带上拍照设备，晚上十点以后只能从八号电梯出场馆。
68,上海长风海洋世界,2,4,上海长风海洋世界隶属于欧洲第一、全球第二的英国默林娱乐集团，坐落于国家4A级景区长风公园内。上海长风海洋世界拥有超过300余种，10000余尾海洋水生生物。共分为与鳐共舞、触摸星地带、世界热带雨林奇观、海马王国、缤纷珊瑚带、深海秘境、鲨鱼甬道、企鹅乐园、艺术水族馆及海龟VR等区域。作为国际级的海洋主题公园，上海长风海洋世界种类繁多的海洋生物、栩栩如生的主题造景、寓教于乐的创意互动，将人与自然完美融合。
69,上海中心大厦上海之巅观光厅,2,2,上海中心大厦上海之巅观光厅是上海中心大厦的功能体验区，在上海之巅360度全视角观光厅，近看东方明珠、金茂大厦、环球金融中心身居足下，远眺世博园区、城隍庙、八万人体育场、虹桥机场尽收眼底，一览苏州河与黄浦江蜿蜒同奔长江共入东海。
70,上海玛雅海滩水公园,1,4,上海玛雅海滩水公园，位于上海欢乐谷主题公园西南部、占地面积约12.8万平方米。这32套水上设备包括运用水磁动力技术的双轨磁悬浮水上过山车、世界水上竞速之王的章鱼大滑道、全球最大的魔幻互动超级水寨、亚洲全新四滑道组合、跌落式速降回环三人浮伐双滑道、深海漩涡体验项目旋风大浪等。预订提醒：1、请游客出示上海市动态健康码（“随申码”），验证为绿色的游客方可入园。注册方式：打开“随申办”APP或微信小程序、支付宝小程序进行填写。2、请游客配合工作人员进行测量体温。体温超过37.2°或不接受测量体温的游客将被劝返。3、景区入口处设有临时隔离区，若有发烧现象的游客及同行者，将按照流程进行暂时隔离，并交由疫情防控相关机构处理。4、请您入园时自觉佩戴口罩，未佩戴口罩的游客将被劝离。5、因疫情防控要求，景区当前实行限流游览，接待游客量不超过最大承载量的30%。请游客们有序入园且保持1.5米间的距离，听从现场工作人员安排。6、游玩期间如有身体不适，尤其是出现发烧、咳嗽等症状，请及时就近联系园内工作人员，切勿隐瞒。7、园区已采取全方位的消毒防疫措施，并对全体员工进行了专业的防疫安 全服务培训，公共洗手间配备消毒洗手液、一次性纸巾，请您安心游玩、使用。如有困难，您可寻求工作人员帮助。8、为确保安全，景区可能因异常天气、特殊活动、游客饱和、设备检修等原因调整开闭园时间、项目或表演开放时间，请以当天景区现场公告为准。9、所有游乐项目均会定期进行日检、周检和年度检查，相关检修工作可能会造成部分游乐项目运行时间延迟或暂停开放，详情以现场公告为准。10、门票对景区内另行收费的项目无效。收费项目请参考园内公告。11、发票及订单问题请联系在线客服索取，景区不提供报销凭证。
71,上海汽车博物馆,2,2,上海汽车博物馆是中国首个专业汽车博物馆，展示了汽车诞生以来的近70辆经典车型，时间跨度逾百年。上海汽车博物馆位于上海国际汽车城的博览公园内，由历史馆、技术馆、品牌馆、古董车馆和临展馆五部分组成。目前开放的上海汽车博物馆一期包括历史馆和古董车馆。
72,滴水湖,1,2,·位于浦东新区临港新城中心的一个人工湖，湖水来源是黄浦江，面积相当于杭州西湖。·湖中分布着三个岛屿，北岛是娱乐之岛，西岛是旅游住宿区，南岛则建有游艇俱乐部、游艇港湾等设施。·这里人少、安静、空气新鲜，可以放风筝、钓鱼、骑自行车游湖，还可以租借自行车或者乘坐快艇环湖。
73,明日世界,1,2,特别为上海迪士尼乐园打造的全新“明日世界”体现了人类、自然与科技的最佳结合，所有游客都可以充分享受“明日世界”的欢乐氛围，尤其是青少年和年轻人。迪士尼运用各类创新技术持续为这个园区带来全新面貌：全新的星际探险射击式项目“巴斯光年星际营救”带领游客们勇往直前、超越无限；“喷气背包飞行器”让人们突破重力束缚；“星球大战远征基地”则将游客带入星战的世界。在“创极速光轮”这个迪士尼全球首发的游乐项目中，游客们将乘坐两轮式极速光轮摩托体验全球迪士尼乐园中最紧张刺激的冒险之一，飞速驶过室内、户外轨道，感受丰富多彩的故事。
74,锦江乐园,1,3,•锦江乐园地处上海市区黄金地段，是上海第一家大型现代化游乐园，40项游乐项目适合各种年龄游客游玩。•除了刺激的过山车、怀旧的单轨脚踏车、峡谷漂流等大型刺激游乐项目之外，还可欣赏喀斯特溶洞、上海老站等特色景观。•节假日的锦江乐园游客非常多，很多娱乐项目排长队是常见的事，注意每项游乐项目都是单次收费的。•有时会举办热闹的游园会和主题美食节等活动，可提前关注官网动态信息。
75,圣母大堂,2,2,1932年，东正教上海教区主教维克托尔（白俄）向东正教徒和白俄侨民集资，在亨利路（今新乐路55号）建造东正教堂，也称圣母大堂。顶部为半圆穹顶，中间是大穹顶，四角 4个小穹顶。这是上海最大的东正教堂。1948年时，区内东正教堂和传道所有4处：新乐路圣母大堂、常熟路113弄6号俄国餐厅传道所，衡山路宛平路俄国学校传道所，复兴中路1233号东正教传道所。
76,上海当代艺术馆,2,2,"·成立于2005年，是中国第一家非盈利的民营当代艺术馆，位于上海市中心人民公园内。·是国内外艺术家展示作品的平台，向国人展示来自本土与世界的前卫艺术与设计。·主馆是由玻璃温室改建而成，占地总面积约为4,000坪，所有展览空间均配置专业温度及湿度调节设备。·三楼的墨客餐厅，是上海市中心唯一享有360度观景平台并融合绿林、历史建筑及现代建筑的开放式餐厅。"
77,上海滨江森林公园,1,3,07年3月28日开园的滨江森林公园，位于浦东新区最北端，隔黄浦江与炮台山相对，隔长江与横沙生态岛、崇明东滩鸟类保护区、九段沙湿地保护区相望，是上海森林覆盖率最高的郊野森林公园。这里保留了原生态的乡土植物和动植物的栖息地，适合游客享受休闲的乐趣。交通
78,南汇嘴观海公园,1,1,南汇嘴观海公园内扼扬子江，外眺太平洋，雄踞东海之滨，毗连杭州湾畔———临港新城的重要地标南汇嘴观海公园占地1.82公顷，位于临港新城主城区东南面，也是上海陆域的最东南处。南汇嘴观海公园占地1.82公顷，位于浦东新区南汇新城，长江口外南岸、杭州湾北岸沙嘴，是在吹沙填海滩涂上新建而成。 [1]  “”南汇”一名来源于长江出海后受海潮顶托折旋而南，与钱塘江水在此交汇成陆，故此地称之为南汇，因沙嘴向南契入长江口与杭州湾交汇处，故名南汇嘴，又称南汇角，曾称老鹳嘴。。南汇嘴观海公园的标志性雕塑是由不锈钢管构成的双层网架结构、总用钢量约120吨的“司南鱼”。该雕塑长48.8m， 宽21.45m 高13m ，以寓意改革、开放、交流和中华民族为人类航海事业发展所作的伟大贡献
79,淮海路,1,2,淮海路位于上海市中心人民广场区域，是上海最繁华的商业街之一。与南京路并肩齐名，如果说南京路是上海商业的象征，那么淮海路则更多得表现为一种品位、一种风格。淮海路是全上海公认的最美丽、最摩登、最有“腔调”和情调的一条街。现代化建筑林立，时尚名品荟萃，紧随世界潮流。温馨典雅的购物环境、众多餐饮娱乐名店以及优越的酒店服务，为淮海中路商圈增色不少。以高雅浪漫著称的百年淮海路，是一个众人眼中华贵雍容的购物天堂。而它持久的生命力在于自1900年诞生百余年以来，始终与时俱进的步伐与海纳百川的胸怀。
80,上海大观园,1,3,上海市五星级公园，是根据《红楼梦》的意境，运用中国传统艺术手法建造的大型主题公园。整座园子设计精湛，兼具皇家园林气派和江南园林秀丽风格。室内的家具陈设乃至匾额楹联、一草一木，均根据《红楼梦》里人物性格特点和故事情节布置而成。大观园四周还有一些景点和娱乐项目，可供游客们玩耍。每年春秋还会推出红楼艺术节、红楼旅游节等大型表演活动。曾荣获国家建筑鲁班奖，上海40周年十佳建筑，十佳休闲新景点，新中国50周年上海优秀建筑，上海十大旅游特色园林，上海市七大文明公园，国家建设部全国风景名胜区先进集体等荣誉称号。
81,衡山路,1,2,·衡山路是上海最负盛名的休闲娱乐一条街，以酒吧为特色，由于临近外国领馆区域，所以满是异国情调。 ·道路两旁是繁茂的法国梧桐，从衡山路到复兴西路这一段路，是法租界，有很多花园洋房，是繁华附近的清凉地。·衡山路上最具魅力的当属酒吧，比较受欢迎的有茏莎、波缽街、欧玛莉、小红楼等，风格各异。
82,太阳岛旅游度假区,1,4,太阳岛原名泖岛。全岛的总面积是160公顷，东西宽700米，南北长4000米。太阳岛形似梭子，河水川流不息，宛如在为历史织布、为文明积淀成型。太阳岛高尔夫球俱乐部是太阳岛度假区一个重要的组成部分，占全岛的一半以上面积。是一个在波光掩映之中的湖泊高尔夫球场，洞洞沿湖，具有强烈的挑战性、俱乐部还建有30球道的练习场。
83,东林寺,2,2,上海东林寺坐落于上海市金山区朱泾镇东林街150号，为浦南地区单体建筑面积最大的元、明、清建筑群，具有很高的文化价值，拥有亚洲最大的室内佛像。东林寺整体扩建工程于2007年4月底完工。该工程采用国内公开招标形式选择设计施工单位，杭州金星铜工程有限总公司凭借强大的设计实力以及丰富的古建筑施工经验，有幸承接以下几大建筑：东林寺殿中殿、佛头像、千佛门、钟楼、鼓楼、金愿桥、五佛冠、金莲池（景泰兰善财童子）等
84,吴淞炮台湾湿地森林公园,1,2,吴淞炮台湾湿地森林公园：总面积为53.46公顷的吴淞炮台湾湿地森林公园位于宝山区东部，背山面水，东临长江、黄浦江，西倚炮台山，南迄塘后支路，北至宝杨路，沿江的岸线长达1974.13米，其西南角是著名的吴淞口，清朝时借此地形建造水师炮台，所以得名为炮台湾。该公园的设计突出生态恢复及文化重建理念，不仅让原有的滩涂湿地在设计中得到有效的保护，并在沿江岸线一侧利用大小生态岛的组合及潮起潮落的水位变化，营造11公顷的迷人湿地景观。
85,上海外滩美术馆,2,2,·上海外滩美术馆所在的亚洲文会大楼从19世纪中期以来即是上海的公共文化中心和学术交流中心。 ·上海外滩美术馆是一家当代艺术馆，亦是充满活力的全球艺术领域中最棒的参与者之一。·自2010年开馆以来举办的国内外知名艺术家的多场展览为上海外滩美术馆赢得了高度赞誉。·2007年美术馆由英籍建筑设计师重新塑造了其优雅而功能完善的内部空间，为这一历史建筑注入了现代艺术空间的气质。
86,金山嘴渔村,1,2,金山嘴渔村是上海市沿海陆地最早的渔村，也是上海最后一个渔村，滨临杭州湾畔，沪杭公路北侧，与大海仅一步之遥，与海中的金山三岛隔海相望。品种多样、味道鲜美的海鲜美食是渔村的一大特色，海鲜美食街的饭店各具特色，吸引着越来越多的游客。金山嘴是上海地区有名的渔港，历史上海洋渔业十分兴旺。在清末民初，小镇上有商店、作坊36家，仅经营渔货的渔行就有10多家：每逢春、秋两汛，大鱼、海蜇旺发，来观潮的、买鱼的、经商的游客、商贾云集，海塘上人流摩肩接踵，热闹非凡。
87,中共一大会址,2,2,·中共一大会址是出席中共“一大”的上海代表李汉俊之兄李书城的住所，为一座石库门式楼房。·1921年中国共产党第一次全国代表大会，就在这里的一间18平方米的客厅内召开。·会议室的布置均恢复了原貌，家具物品是按原样仿制的。可以感受到当时的氛围。
88,佘山国家森林公园,1,3,·佘山分东西佘山，位于上海西郊古城松江境内，是东南亚地区的天主教圣地。·园内十二座山峰从西南趋向东北，蜿蜒连绵13公里，使一马平川的上海平原呈现出灵秀多姿的山林景观。·东佘山国家森林公园山体钟秀、林木葱郁，动植物资源丰富，尤以山间所产竹笋有兰花幽香而著名。·公园已建成并对外开放的景区有：东佘山园、西佘山园、天马山园、小昆山园
89,世博会博物馆,2,2,·世博会博物馆既是国内第一座真正意义上的国际性博物馆，也是全世界独一无二的全面展示世博专题的博物馆。·博物馆展陈面积约1.2万平方米，设有8个常设展厅和3个临展厅，汇集了来自世界各地的数百件珍贵文物。·无需走遍全球，即可在上海切身感受世博会150多年的历史，了解历届世博会的举办城市。
90,东方绿舟,1,3,·东方绿舟临近风景宜人的淀山湖，是上海一的集拓展培训、青少年社会实践、团队活动以及休闲旅游为一体的大型公园。·可以到国防园，看仿真航空母舰，参观军事武器展示馆、海军潜艇，参加模拟射击打靶、乘坐水陆两栖车，还能欣赏精彩刺激的立体动感电影。·一路沿着银杏大道、绿色能源、湖滨大道、月亮湾、渔人码头，饱览一望无际的淀山湖秀美端庄的湖光水色。·三口之家还可以一同玩“勇敢者道路”、闯“智慧迷宫”、游“趣桥世界”，漫步在有168位智慧巨匠的世界第一雕塑大道。
91,中国航海博物馆,2,3,中国航海博物馆是我国规模最大、等级最高的综合性航海博物馆。中国航海博物馆以“航海”为主线，“博物”为基础，分设航海历史、船舶、航海与港口、海事与海上安全、海员、军事航海六大展馆，渔船与捕鱼、航海体育与休闲两个专题展区，并建有天象馆、4D影院、儿童活动中心，涵盖文物收藏、学术研究、社会教育、陈列展示等功能。
92,上海玻璃博物馆,2,2,这是国内第一家玻璃博物馆，由玻璃工厂厂区改建而成。进入以旧玻璃熔炉车间为造型的博物馆内，你可以对寻常可见的玻璃有更深刻的了解：不仅可以欣赏精美的玻璃展品，现场观看玻璃的制作过程；还可以自己动手为做好的玻璃制品上色，或是买几件做工精细的玻璃制品带回家，非常适合带孩子来游玩，但要注意安全。
93,复旦大学,1,2,·国人创办的第一所高等院校，现有邯郸、江湾、枫林、张江四大校区，邯郸校区为主校区。·校园内中西合璧的校园建筑、自由开放的校园文化，还有光华楼、曦园等景观，看点十足。·著名的相辉堂是校园内最具历史意义的建筑，学校各大社团的演出、各类讲座等活动都在此举行。·光华楼主楼由东、西两座30层建筑组成，中间用透明球体连接，形似双子塔，是复旦最抢眼的标志。·校园内还坐落着毛主席、首任校长陈望道等众多名人雕像，以及燕园、曦园等极具江南特色的园林景观。
94,金茂大厦88层观光厅,2,2,·金茂大厦88层观光厅位于陆家嘴金融贸易区内，是上海市著名的高空观景台之一。·观光厅内的玻璃幕墙视野开阔，可俯瞰黄浦江两岸的都市风光以及长江口的壮丽景色。·还可以在观光厅内俯视金茂凯悦大酒店的中庭，这个中庭建筑被建筑师称为“时空隧道”。·大厦里两台每秒运行9.1米的直达电梯堪称“时光穿梭机”，只需45秒就可直达楼顶。
95,方塔园,1,2,"方塔公园位于松江区东南隅，毗邻松江二中，1981年建成开放，占地约一百八十亩，园林设计以方塔为中心，错落有致，旷达舒展，是现代建园构思和传统江南古典园林风格融为一体的文物园林。主要景点有方塔、明代。松江方塔形体优美，玲珑多姿,为我国南方古代建筑中所少见,是国内保护最好的古塔之一。它于1981年建成开放，全园占地182亩。园址原是唐宋时期古华亭的闹市中心，东有爱民街、西有三公街，既是古代文人的会聚地，又是松江遗址的缩影，1978年以园内主景方塔为中心建起这座园林。园内布局错落有致，旷达舒展，是现代建园构思和传统江南古典园林风格融为一体的文物园林。走进方塔园这一神奇的古建筑、古文物云集之地，会使您自然地产生一种怀古思贤的情感。园内主要主要景观有：宋代的方塔、宋代的望仙桥、明代的砖刻照壁、兰瑞堂、水陆池等。照壁为一大型浮雕，位于方塔的北侧，建于明朝洪武三年（公元1370 年），为道教门前影壁。照壁宽6.1米，高4.75米，立于当时松江府城隍庙大门前，是现今上海地区最古老、最精致，也是保存得最完好的大型砖雕艺术品。照壁上的怪兽，名叫“贪”，生有龙头、狮尾、牛身、鹿蹄、麒麟片。它的寓意是教人戒贪。画面丰富，立体感强，堪称艺术珍品。"
96,顾村公园,1,4,·顾村公园是上海北郊较大的一个公园，园内花木茂盛，是很受当地人欢迎的郊游地。·园内栽种了20多个品种的上万株樱花，其中不乏树龄超过50年的樱花树，极具观赏价值。 ·平时公园的游人不算太多，天气好的时候常能见到带着小朋友来野餐、晒太阳的一家三口。·除了可以在草地上搭帐篷野餐、放风筝、坐电瓶船、烧烤外，公园内还有不少游乐设施以及恐龙园。
97,上生新所,1,1,魔都新网红地标，摩洛哥风的露天泳池瞬间火爆朋友圈，公园内也处处是ins风拍照胜地，还有各种网红咖啡厅、高级餐厅、潮流酒吧、文艺书店、展览等等，非常适合周末出游。上生新所，位于延安西路1262号，地处“上海第一花园马路”盛名的新华路历史风貌区。主要由孙科别墅、哥伦比亚乡村俱乐部、海军俱乐部3处历史建筑、11栋贯穿新中国成长的工业改造建筑、4栋风格鲜明的当代建筑组成
98,上海电影博物馆,2,2,博物馆将分为四大主题展区，1座艺术影厅、五号摄影棚等，是融展示与互动、参观与体验为一体的，涵盖了文物收藏、学术研究、社会教育、陈列展列等功能，是向参观者呈现百年上海电影的魅力，生动演绎电影人、电影事和电影背后故事的一座城市文化标志性场馆，是徐汇区打造的首个4A级都市旅游景区的重要文化景点之一。
99,世纪公园,1,3,世纪公园原名浦东中央公园，是浦东地区较大型的公园，占地140.3公顷，地处浦东花木行政区（新区办公中心）东南侧。是上海内环线中心区域内最大的富有自然特征的生态城市公园，体现了东西方文化的融合、人与自然的融合，以大面积的草坪、森林、湖泊为主体，园内乔灌相拥、四季花开，是大都市中的一片绿洲，具有现代特色的中国园林风格。
100,上海世纪大道,1,2,上海世纪大道，从东方明珠至浦东世纪公园全长约5.5公里，宽100米。 世纪大道功能定位为城市景观大道，法国夏氏－德方斯提供的方案设计，将世纪大道中心线向南偏移10米，成为世界上独一无二的不对称道路，气势宏大，具有强烈的园林景观效果，被誉为“东方的香榭丽舍大街”。
101,碧海金沙,1,3,碧海金沙水上乐园，拥有海水面积68万平方米，7万平方米人工铺设的金色沙滩，沙滩上设置帐篷、木屋木栈等设施，将泳区与绿化区、沙滩区连接。经沉淀处理后注入的海水蔚蓝清澈，4万平方米的滨海绿化带给你添上一份清凉，游人可在碧海中尽情游泳。在沙滩上晒日光浴，或在“蘑菇蓬”下憩息，尽情享受碧海、沙滩、阳光、空气和绿色。南面蔚蓝海水，深水区白帆点点，可航行非动力帆船。泳场区西边是151万平方米的海上运动区，没有动力艇码头、非动力艇码头和摩托艇码头，可容纳20艘小型游艇停泊。海湾旅游区滨海临江的地域优势，将成为各类游艇的集散之处。蓝色的海上桅杆林立，鸥鸟飞翔，一派异国滨海风情
102,外滩万国建筑博览群,1,2,·主要是指上海外滩北起外白渡桥，南抵金陵东路，这一段是外滩建筑群的精华所在。·在这段1.5公里长的外滩西侧，鳞次栉比地矗立着海关大楼、和平饭店南楼北楼、原汇丰银行大楼等52幢各种风格的大厦。·这些大厦虽然出自不同建筑师之手，风格迥异，但是建筑格调统一，建筑轮廓协调。·万国博览建筑群在黄浦江西岸划出了一道优美的天际线，享有“万国建筑博览会”的盛名。
103,静安别墅,1,2,静安别墅是在民国21年也就是1932年建成的，因为别墅地址处于静安寺路（今南京西路）而得名。 类似田子坊，但却是一个比田子坊安静的地方，人流量虽然没有田子坊那么大，但文艺青年很多。不少咖啡馆、个性小店、玩具店、创意店等聚集在此。附近有静安寺、美琪大戏院、善终里、蔡元培故居、胡公馆、周璇故居等著名景点。
104,放生桥,1,1,"放生桥是上海地区最长、最大、最高的五孔联拱大桥，被称为”沪上第一桥”，是朱家角古镇的标志性景点。连结朱家角南北两部分，站在桥上环顾四周，可以欣赏白墙黑瓦、往来的船只，古镇全貌尽收眼底，是取景摄影的绝佳之处。放生桥，顾名思义是鼓励人们行善积德，每逢农历初一、十五都会组织僧人和香客到桥下举行“水生动物”放生大会。放生桥位于朱家角镇，跨于漕港上，明万历年间(1573-1620)建，清嘉庆十七年(1812)重建，放生桥凝结了古代汉族劳动人民的智慧结晶，在其设计与构造上可见一斑。放生桥为五孔石拱桥，而非平桥或单孔石拱桥，作为上海地区最长、最大、最高的五孔联拱大桥，称为""""沪上第一桥""""，全长70.8米，宽5.8米，结构精巧，形状美观。放生桥长如带，形如虹，""""井带长虹""""为朱家角十景之一。历来文人雅士赞美此桥，有诗云;""""长桥驾彩虹，往来便是井。日中交易过，斜阳乱人影""""。朱家角放生桥为上海地区现存最大最长的石拱桥，是一笔宝贵的文化遗产，作为古镇上的一个标志性古建筑，已被录入《上海之最》、《江南胜迹》、《中国名胜词典》。"
105,大清邮局,2,1,·朱家角古镇的名片之一，始建于1903年，是华东地区保留下来的唯一大清邮局旧址。·整修后的邮局保持了原有的正规格局，占地约100平方米的二层楼房，再现了古镇邮驿的百年沧桑，展现了中华邮政的悠久历史。·遇重大节庆，还会举办代写书信等临时性民俗展示活动，游客还可穿上大清邮差的服装，体验一下当大清邮差的感觉。
106,上海城市历史发展陈列馆,2,3,·集历史、文化、鉴赏于一体，反映了上海近代历史变迁，展示面积达一万平方米。·由“华亭溯源、“城厢风貌”、“开埠掠影”、“十里洋场”、“海上追踪”，“建筑博览”、“车马春秋”七个展厅构成，展品精细，资料详实。
107,古猗园,1,3,古漪园，是南翔古猗园的别名。位于上海市西北郊嘉定区南翔镇。占地10公顷。始建于明嘉靖年间1522—1566年)，原名猗园，取“绿竹漪漪”之意；后由嘉定竹刻家朱三松精心设计、以“十亩之园”的规模营造，又在立柱、椽子、长廊上刻着千姿百态竹景、显得生动典雅；清乾隆11年(1746年)扩建重葺，更名古猗园，因园内绿水涟漪，故又通俗写作：古漪园。
108,月湖雕塑公园,1,2,月湖雕塑公园是一座集现代雕塑艺术、现代建筑艺术、自然山体景观和高档休闲娱乐于一体的艺术乐园。坐落于上海佘山国家旅游度假区，总占地1300亩，以月湖为中心，环湖而建，分别辟有春、夏、秋、冬四个不同风貌的岸区。园区内有设计别致的水幕桥、游客服务中心、独具匠心的水晶宫、迄今为止上海规模最大的水上舞台、注入娱乐新概念的儿童智能广场和高级餐饮设施的秋月舫等数多个具有国际先进设计理念的景观建筑。目前近30多件来自欧美日本和中国雕塑大家的世界雕塑精品点缀在自然山水间。
109,静安公园,1,2,静安公园，位于上海市南京西路1649号，静安古寺对面，园呈凸字形，南临延安中路，西靠华山路，东为住宅。1953年改建成公园。1998年公园进行大规模改建，1999年9月25日重新开放。改建后的静安公园占地33600平方米，以32棵百年悬铃木为中心大道把公园一分为二。东部是八景园；东南部为人文景观；西部为自然山水景观。公园还设有儿童游乐园、休闲健身苑、茶室和异国风情咖啡吧等休闲游乐场所，是一处清新典雅，集休闲、健身、旅游为一体的都市花园。2000年至2001年获得上海市园林系统“双优公园”、上海市“七不”文明公园、上海市文明单位称号。
110,上海图书馆徐家汇藏书楼,2,4,徐家汇藏书楼是上海现存最早的近代图书馆，也是我国西学东渐和东学西传的缩影，于1956年并入上海图书馆。现存徐家汇藏书楼为南北交错的两幢建筑。北楼为砖木结构，布局和藏书架为梵蒂冈图书馆式样；下层仿照明代宁波天一阁风格。南楼，即神甫楼，几经改建，现为四层坡顶，外廊式建筑。藏书楼仅开放一层，可观看画展；二层长期以来不对外开放，读者需凭单位介绍信才能进入查阅资料。
111,徐家汇公园,1,2,徐家汇公园的设计以绿为主，突出与原有徐家汇繁华商业圈以及衡山路殖民地时期的花园别墅风格的融合。公园主要有三大看点：纪念烟囱、公园湖和观景桥。这里有独特的豫园景观，还有着设计巧妙的人文景观和赏心悦目的花园景观。
112,孙中山故居纪念馆,2,2,上海孙中山故居纪念馆位于繁华的淮海路以南，思南路东侧的香山路上，占地面积二千多平方千米，内有孙中山故居和《孙中山文物馆》
113,上海工艺美术博物馆,2,2,上海工艺美术博物馆，选址于幽静的汾阳路上，占地面积5862平方米，在主楼分设织绣、雕刻、民间工艺三大展示厅。设立的刺绣、戏服、绒绣、竹刻、黄杨木雕等十余个专业，基本涵盖了上海本地急需保护的传统工艺品种。
114,徐家汇源景区,2,4,徐家汇源景区位于上海都市旅游中心圈徐家汇，东起宛平南路、天平路、华山路，南临中山南二路，西至凯旋路，北达淮海西路，主要由历史景观风貌、时尚活力购物和绿色休闲娱乐三大板块组成。景区内有远东第一大教堂徐家汇天主堂、140年的徐家汇观象台、上海现存最早的近代图书馆徐家汇藏书楼、中国最早按西洋办学模式设立的学校徐汇公学（现名徐汇中学，包括崇思楼）等历史建筑。
115,上海邮政博物馆,2,2,上海邮政博物馆1922年由协澄洋行设计，原名上海邮政总局。辛丰记营造厂施工，在原集美里地块上建造，1924年11月竣工。曾列为当时上海十大建筑之一。上海市中国近代邮政的发祥地之一，历经了海关邮政、大清邮政的几度沧桑。新中国诞生后，人们邮政的发展日新月异。1999年邮电分营后，独立运行的上海邮政继往开来、与时俱进、奋发有为，开辟了发展新天地。 上海邮政博物馆设在全国重点文物保护单位、上海市优秀建筑——上海邮政大楼内，以翔实的史料和实物，运用现代科技手段，追溯了邮政的起源和发展历程；记载了上海邮政早期党组织领导工人运动以及革命先辈为新中国诞生作出的贡献；记录了先进劳模为邮政事业鞠躬尽瘁的业绩；陈列了各种邮用和邮运工具；介绍了邮政服务（业务）产品及其发展；展出了具有深厚文化底蕴的邮票。上海邮政博物馆集思想性、科学性、知识性、时代性、趣味性和参与性于一体，将成为革命传统教育的课堂，弘扬先进思想文化的阵地，将成为革命传统教育的课堂，弘扬先进思想文化的阵地，宣传邮政服务理念和产品的管道，青少年普及科学知识的教育基地，国内外宾客游览观光的景点，展示上海邮政的风采的窗口。上海邮政博物馆位于苏州河北岸，坐落于上海邮政总局大楼内。在这座历史悠久的老建筑中你会看到有趣的火车车厢邮局以及各种有趣的老邮筒、老信箱，还能了解到邮政业务的发展历史，尤其可让青少年们大开眼界。一进大门，罗马式的立柱、旋转型楼梯、房顶上高挂着华丽的吊灯，满眼都是欧式建筑风格。整栋楼为“U”字型，底层的中庭陈列着大清邮政马车、1917年购置的第一辆邮运汽车、第一条定期航空邮路飞机以及“行动邮车”火车车厢邮局等实物模型，还能看到大清邮政局的场景。二楼是宽敞的邮政大厅，这里分为四个展厅，讲述了古今中外的邮政发展史，可以看到各种样貌奇特的老邮筒和信箱，珍宝馆里还展示了不少珍稀邮票，比如“黑便士”、“大龙邮票”以及“绿衣红娘”等邮票珍品。在这里小朋友们可以模拟写信、体验在古老的邮局里投递快件的感觉。
116,上海城市规划展示馆,2,3,上海城市规划展示馆于2000年年初建成，2000年2月25日正式对外开放。上海城市规划展示馆作为上海对外宣传的重要窗口，在上海市委、市政府的领导下，以“城市、人、环境、发展”为展示的主题，向上海人民仍至世人展示了上海城市规划建设发展的成就，让市民知晓城市规划，参与城市规划，架起了市政府与市民间的沟通桥梁。
117,上海观复博物馆,2,2,上海观复博物馆位于上海陆家嘴城市新地标——上海中心大厦的37层，设有4个固定展厅：瓷器馆、东西馆、金器馆、造像馆，以及一个临时展厅。上海观复博物馆以中国深厚文化为基石，打造高品质的专业展览，环境典雅，注重人与历史的沟通，突出传统文化的亲和力。馆内各项现代化配套设施将提供更为细致舒适的服务。
118,人民公园,1,1,·人民公园地处上海市中心，东临南京路步行街，被美称为“城市绿肺”。·公园分为东、中、西三个景区，园内既有海棠园、荷花池等传统景观，又有玉兰园、百花园等现代景观。·其中西区景点是园林建筑较集中的地方，植物品种繁多，四季花木葱笼，是公园主要的游览景区。·公园里的相亲角闻名全国，可以前往感受一下现场的氛围。
119,长风公园,1,3,长风公园，位于上海市中心城区西部，普陀区大渡河路189号，国家AAAA级旅游风景区。东邻著名高等学府华东师范大学，南近苏州河，西枕大渡河路，北临怒江路。公园有4座门，南门为正门，称一号门，在大渡河路上；东门为二号门，在枣阳路南端；北门为三号门，在怒江路上；西门为四号门，在大渡河路云岭路口。长风公园始建于1957年4月，筹建时名沪西公园，1958年局部试开放时以园内主景碧萝湖改名碧萝湖公园。1959年国庆节建成正式开放，取《宋书·宗悫传》中“愿乘长风破万里浪”之意，更名为长风公园。公园占地面积36.4万平方米，是上海市大型的综合性山水公园。园内有市区最大的面积达14.67万平方米的“人工湖——银锄湖”，由碧萝湖改名。市区公园中最高的人造山——铁臂山，山高26米，占地1万平方米。湖名、山名取意于毛泽东所写七律诗《送瘟神》中“天连五岭银锄落，地动三河铁臂摇”的诗句。1998年，长风公园被国家建设部、中国公园协会选为中国百家名园之一。2002年创建成上海市“四星级公园”。
120,上海人民英雄纪念塔,1,2,上海人民英雄纪念塔 即 上海市人民英雄纪念塔 。 上海市人民英雄纪念塔建筑面积1.6万平方米，建成于1993年，是为了缅怀自1840年以来为解放上海而献出生命的革命先烈而建成的纪念性建筑。她位于外滩黄浦公园内，在黄浦江与苏州河的交汇处。
121,上海马戏城,2,3,上海马戏城坐落在静安区共和新路上，南侧紧靠大宁久光百货，北侧紧邻大宁灵石公园，占地面积2.25公顷，是上海市区的文化、体育、娱乐中心。马戏城以杂技场为主体建筑，配有排练辅助楼、兽房和文化商业城等配套设施。上海马戏城，有“中国马戏第一城”的美誉， 其独特的建筑造型，金灿灿的穹型屋顶，是上海国际文化都市又一标志性建筑
122,明珠湖公园,1,3,--地处崇明岛的西南角，以其所独有的“天然湖泊、茂密森林”而使公园更加流光溢彩。--明珠湖可与杭州西湖媲美，是崇明最大的天然淡水湖泊，是岛上最大的天然淡水湖泊，国家级生态旅游示范基地、国家AAAA级旅游景区。公园内有潭深水清的湖泊、曲径通幽的森林，园林与湖泊交相辉映。这里不仅湖水清澈，自然风光秀美，而且鱼类资源丰富。--漫步于环湖林间小道，虫鸣鸟语，蝴蝶翩翩，欧鸟翔集，让你感受森林海洋的气息。--公园很大，骑车或坐观光车游览是个不错的选择，内有儿童乐园、快艇、水陆两栖车、游船。
123,前卫生态村,1,4,"""前卫生态村位于崇明岛中北部，它是于1969年从一片滩途中围垦并崛起的村庄，曾荣获“全球生态500佳提名奖”，是上海市郊区最早发展农家乐旅游的村庄之一，2004年被国家旅游局正式命名为“全国农业旅游示范点”，2008年被评为国家级生态村。前卫生态村民风淳朴、田园风光美丽如画，村里的农家乐旅游项目，是体验农家生活的好去处，也是我国新农村建设的有益示范和探索。"""
124,上海环球金融中心观光天阁,2,2,位于上海金融中心100层的观光厅高474米，这层最有特色的当属一条长约55米的悬空观光长廊，长廊设有3条透明玻璃地板，可以清楚地看到地面上穿行的汽车、行人，还能将陆家嘴的摩天大楼及浦江两岸的上海美景尽收眼底。
125,闵行体育公园,1,3,闵行体育公园是上海市首个体育主题公园。公园以自然景观为主，有开阔的草坪、宽广的湖面、河流，四周密林环抱。公园里设有体育场馆区、热带风暴水上乐园、青少年活动中心、湿地生态园、卵石溪流区、翡翠山林区等10个景区，并设有山坡长滑道、迷你高尔夫球场、儿童自行车、游艇和垂钓等体育项目设施。夏天荷花盛开而成的大片花海也是体育公园的亮点之一。到了樱花季还可以前往樱花道赏花野餐。
126,上海新国际博览中心,2,4,上海新国际博览中心(SNIEC)是上海一个大型展览中心，位于浦东龙阳路2345号，1999年11月4日进行奠基，2001年11月2日正式开幕。上海新国际博览中心由多家国内及国外机构合作发展。包括上海浦东土地发展(控股)公司、德国汉诺威展览公司、杜塞尔多夫展览有限公司及慕尼黑展览有限公司。由美国Murphy/Jahn设计事务所负责设计
127,上海大自然野生昆虫馆,2,2,大自然野生昆虫馆在夏季时室内温度很高，更适合秋冬季节前往。大自然野生昆虫馆是国内首家活体昆虫与两栖爬行动物为主的科普展示馆，在展示窗内，各种昆虫都有隐蔽自己的方法，小朋友们要很仔细很仔细的观察才能发现它们。参观者可以在昆虫长廊见到各种活体昆虫，龟鳖区认识世界各种龟鳖，还有蛇莽、蛙、虾等参观区域。除此外，还可以自己制作标本，在触摸区摸到可爱的昆虫们。这里不仅适合小孩子们游览，也可以满足大人们童年时对于昆虫的所有幻想。
128,星愿公园,1,1,"""如果你在寻找一个拥抱自然的好去处，那拥有美丽星愿湖的星愿公园不容错过。沿着约2.5公里的步行道，漫步于这片令人惊叹的湿地美景中，你可以品味一年四季各有不同的风光美景，春看百花夏有风，秋赏落叶冬享雪。你也可以租上一辆自行车，和家人朋友一起骑行探索美丽的林地，穿行于郁郁葱葱的树木间，眼前是秀丽风光，身旁有小鸟与蝴蝶环绕，这就是大自然的奇妙之处！星愿公园内 ，还有能让爱冒险的孩子尽情玩耍的“小蜻蜓园地”，这里色彩缤纷，趣味盎然，最适合全家一起来“探险”自然，享受一个休闲运动的周末。当夜幕降临，夜空下的星光露天剧场则在激发游客的想象力与创造力。"""
129,震旦博物馆,2,2,建筑大师安藤忠雄在中国第一个完成的改建设计项目，2月起向公众开放。该馆是位于上海黄浦江畔、陆家嘴的金融区的一家私人博物馆。干净利落的线条、光影错落、铅灰色楼梯还是处处铭刻着“安腾造”的标记。珠宝盒是安藤的设计灵感，夜幕下，借助灯光，从外面看建筑体还真有点魔幻之气。
130,福州路文化街,2,2,福州路东起中山东一路，西迄西藏中路，长1453米，该路于1864年筑完全程，是上海开埠通向黄浦江的四条土路之一，人们习惯上称之为“四马路”，福州路文化街以经营各类文化用品、充满文化气息而享誉全国。福州路文化街共有各类商业网点104户。著名的专业书店有中国科技图书公司、外文书店、古籍书店、上海音乐书店等；大型综合书店有新近落成的上海最大的综合书市上海书城、上海文化商厦等；经营办公用品的商店有汇丰纸行、长征测绘仪器商店、上海纸品商店等；经营文化用品的有杨振华笔庄、百新文化用品公司、美丽华文具公司、上海美术用品商店等。
131,上海文庙,2,2,上海文庙是上海中心城区唯一的一座祭祀中国杰出的思想家，儒家文化创始人孔子的庙学合一的古建筑群，是源远流长的儒家文化圣地，是古代上海的最高学府。解放后，市政府先后拨款重修文庙，1959年被列为南市区文物保护单位。1997年4月～1999年9月，南市区政府对文庙进行大规模修缮、开发。1999年5月上海文庙挂牌对外开放。2002年4月27日成为上海市文物保护单位。
132,玉佛禅寺,2,3,玉佛禅寺千尊玉佛寺位于天津市西青区辛口镇当城村，古称法藏寺，始建于隋代，香火极盛，由于战乱等原因，历史上曾数度遭毁。2003年8月，经有关部门批准恢复重建，为全国收藏供奉缅甸天然玉佛数量最多的佛寺。该村在千尊玉佛遗址上建造大沙窝小学，发现其遗址尚遗存有大小石碑各1块。小石碑疑为该寺始建时（即周隋）的碑记，填水塘时一起埋入坑中，而另一块大石碑幸被人保护起来。后此碑断为3截，存放在千尊玉佛寺院中。
133,洛克·外滩源,2,3,洛克外滩源项目由百仕达控股与洛克菲勒集团共同开发，项目总占地面积1.8万平方米，总建筑面积9.408万平方米。项目拟建成高级混合用途区，集居住、商用、零售、办公、文化设施为一体在已初步建成的外滩源一期项目中，除3月18日正式对外营业的上海半岛酒店，以及即将开放的外滩源公共绿地、圆明园路特色景观街外，原英国领事馆也将于以“外滩源壹号”的暂定名投入试运营。
134,上海船厂滨江绿地,1,2,作为黄浦江沿岸滨江绿地和公共环境的重要组成部分，绿地有亲水平台及观景步道、欢庆活动广场、游艇港池等场所组成。绿地改建注重历史人文背景，注重工业元素，保留有船台、缆桩、起重机轨道、码头、泵站等，同时结合景观的是需要，新建张拉膜亭、钢桥、锚链等造船工业遗迹，体现了历史文脉的延伸。
135,陆家嘴中心绿地,1,2,·陆家嘴中心绿地，位于浦东新区陆家嘴金融贸易中心区的核心地段，延安东路隧道浦东出口处左侧，是上海市区内规模最大的开放式草坪。·中心绿地占地10万平方米，地形高低起伏，以绿为主，水景为辅，简洁、自然、通透、壮观，形成了现代金融城区的宜人一景，被誉为都市绿肺。·绿地中心的色彩抽象群雕《春》，充分展示了浦东新区一个现代都市的风貌。
136,浦东图书馆,2,3,浦东图书馆位于上海市浦东新区前程路88号，总建筑面积6万多平方米，累计纸质文献、视听资料、报刊、电子图书、电子报刊等总藏量约390万册（件）。上海浦东图书馆致力于建设多样性数字文献资源，为读者提供自主学习、学术研究、公共阅读等多方面的服务。自建资源有浦东开发开放新闻报道数据库、浦东书目等；学术资源包含知网、万方、超星等；报刊资源有龙源期刊、中文数字图书馆等，共计20余种数字资源，满足各类读者的不同信息需求。
137,静安雕塑公园,1,2,静安雕塑公园是上海市唯一专类的雕塑公园，原先只是一小片绿地，后被改建成了一座公园。虽然公园面积不大，但环境宜人，空气清新，可以欣赏到很多来自国内外的创意雕塑。到了樱花季还能看到一大片樱花盛开的景象。
138,上海鲜花港,1,3,上海鲜花港位于美丽的东海之滨，北邻国际航空港，南邻洋山深水港，地理位置得天独厚。 自2002年9月至今，一个占地面积为100万平方米的上海鲜花港崛起在浦东国际航空港与洋山深水港之间的东海之畔；并已成为一个服务全国，以花农培训、花卉种植、新品展示、新品研发、种苗出口为主的现代农业示范园区。同时被列为农业产业化国家重点龙头企业、全国农业旅游示范点、上海市科普教育基地，荣获上海市“五一”劳动奖状、“上海市花园单位”、“上海市文明单位”称号。
139,黄浦公园,1,2,·黄浦公园是始建于1886年，是上海最早的欧式花园，也是中国第一座公共园林。·主要建筑为人民英雄纪念塔和大型浮雕，塔底免费开放的外滩历史纪念馆记录了中华民族百年的奋斗史。·在公园正门还有一座名叫浦江潮的著名青铜巨型雕塑，象征着大无畏精神。
140,步高里,1,2,步高里位于卢湾区陕西南路和建国西路交界处，为典型的旧式里弄住宅群，由法商建于1930年，曾属于法租界。共有砖木结构二层石库门建筑78幢，形成了完整的里弄街坊格局，弄堂口的中国式牌楼独具特色。著名作家巴金先生就曾居住在此，他的故居位于步高里52号。在这里他创作了《海的梦》等作品。另外这里也是胡怀琛、张辰伯、平海澜等名人的曾住地。
141,信不信由你博物馆,2,2,信不信由你博物馆是以探险家罗伯特·李普利(Robert Ripley)的收集为主题设立的世界最大的博物馆之一，位于西归浦市中文旅游区入口。信不信由你博物馆在全世界有12个美术馆和户外公园。在美国、英国、加拿大、墨西哥、泰国等国家，运营着31处连锁设施，济州岛博物馆是第11个国家的第32处场馆。博物馆中展示着罗伯特·李普利(Robert Ripley)在35年间，周游198个国家搜集到的奇妙物品共700余件。其中包括1989年德国统一时推翻的柏林墙砖、从火星上飞来的陨石块等众多令人惊叹的物品，所有展示物的背后都隐藏着精彩的故事和背景，是儿童和青少年们了解世界、体验丰富多彩的世界历史的好地方。
142,安亭老街,1,3,安亭老街位于上海市嘉定区安亭镇，历史悠久，文化底蕴深厚。史载：“十里一亭，以安名亭，以  亭为镇”，安亭由此得名。这里保留了江南水乡的“路—桥—街”格局，老街建筑内敛而有气度，明清时代韵味扑面而至。
143,上海笔墨博物馆,2,2,上海笔墨博物馆与上海书城只隔着一条马路，博物馆并不起眼，在热闹的福州路上走很容易错过，但进去后会发觉里面别有洞天。在弥漫着笔墨香的博物馆中，除了可以看到各种精美的毛笔和墨，还可以了解到它们的选材与制作、以及与笔墨有关的名人轶事，充分感受到笔墨文化的博大精深。走进博物馆，一楼主要售卖笔墨，上楼就是展厅了。展厅不大，分左右中三个方向的橱窗展示，每个展台前还配有中英文语音介绍。展厅中间是珍品展示区，陈列着曹素功等老字号出品的墨中精品；右边一片主要展示中国书画墨，包括制作墨的材料、添加剂和模具等，还有一些精美的制成品。左边展示了中国毛笔的历史及发展状况，陈列了制作毛笔的材料、工具和制成品等，还有相关的影像资料。另外还展示了许多名人所使用过的笔，比如吴昌硕、赵之谦、沈尹默、张大千、吴湖帆等书画大家。最值得一提的是鲁迅先生的“金不换”，据介绍这是鲁迅用笔中唯一一支买去尚未来得及使用的毛笔。
144,周浦花海,1,2,周浦花海集成了目前世界上十大花海（普罗旺斯的薰衣草园、北海道花海、荷兰郁金香花海、保加利亚玫瑰谷、青海门源油菜花、印度向日葵园、台湾大溪花海农场、阿姆斯特丹雏菊花海、美国卡尔斯班花海、英国伍斯特郡贝德利镇罂粟花海）的精华 ，给人世外桃源的感受。
145,圆明园路,1,2,·踩上圆明园路深色九龙清花岗岩路面，也就翻开了上海开埠历史画卷的册页。·卧在两排老建筑之中，像一个天然的缝隙，过滤了江涛、车流和泱泱人群，吐纳城市的旧梦与新象。·堪称上海市级保护建筑最密集的马路之一，光陆大楼、真光大楼、广学大楼、兰心大楼等。
146,上海市历史博物馆,2,2,上海市历史博物馆是一座全面反映上海地区历史发展的博物馆，自1954年开始 筹备，至今已收藏了大量的代表上海历史进程的文物和文献，其中的精华在上海市农展馆和虹桥路都有交口称誉的展示，可以看到4百余件上海市历史博物馆的文物。马家浜文化、崧泽文化、良渚文化在上海都有丰富的遗存，见证了上海上愈6000年创造的文明。上海市历史博物馆创建于1983年，原名上海历史文物陈列馆。1991年改 上海历史博物馆为现馆名。
147,佘山天主教堂,2,2,佘山圣母大殿是上海地区著名的天主教堂，坐落在西佘山顶，被称为“远东第一大教堂”。由法国传教士初建于1871年，后来又经过几次翻修，现在的教堂是1925年扩建而成。  教堂为欧洲“巴洛克”风格建筑，部分建材与装饰采用中国传统建筑手法，是中西文化融合的结晶。天主教堂与所处的小山融为一体，轮廓协调自然，整个建筑平面呈拉丁式十字形。教堂内设3000个座位，可容纳近4000名教徒。 大殿正祭台用大理石砌成，殿窗部分镶嵌五彩玻璃，顶部覆盖着琉璃瓦。钟楼上按一定音符排列着8只大钟，塔尖高38米；上面还有一座由紫铜铸成的圣母像，高8米。 1942年时，罗马教皇把佘山天主教堂封为“圣殿”，使它成为中国天主教徒朝拜的圣地。从山脚到山顶的曲折小路上有14座苦路亭，每亭中有一幅耶稣受难浮雕，还有3座圣亭和一个中堂，信徒们到佘山朝圣时，要沿着曲折的苦路逐级而上。
148,曲水园,1,2,位于上海市青浦城厢镇公园路650号，初建于清乾隆十年（1745），当时是城隍庙的灵苑。据说为了建此园，曾向城中每个居民征募一文钱，故有“一文园”之称。嘉庆三年（1798）改园名为“曲水”园，因园在大盈浦旁，取古人“曲水流觞”之意。二百多年来，几经兴废。曲水园整体坐北朝南，占地三十亩（1.82公顷），其中水体占15%，园内建筑以青瓦、白墙、青砖构成，曲水园内植物以竹为主。以小巧玲珑、典雅古朴著称。有四个各具特色的景区：西园以建筑为主，楼堂华美，庭院幽静；中园以山水见长，山峰耸立，池水清澈；东园以野趣闻名，土地平旷，花木繁茂；书艺苑以古雅获誉，石鼓立地，碑刻满廊。
149,浦东第一图书馆,2,4,浦东第一图书馆，是上海市浦东新区公共图书馆，位于上海市浦东新区前程路88号。毗邻中国浦东干部学院以及地铁7号线锦绣路站，地处以世博会主会场和世纪公园为中心形成的上海新文化圈内
150,巴金故居,2,2,上海武康路113号是巴金在上海最后的寓所，也是巴金先生在上海定居住得最长久的地方，这座小楼始建于1923年，曾为苏联商务代表处，从1955年起，巴金和女儿李小林一家就住在这幢三层小洋楼里，庭院里种满了白玉兰，巴金在此楼居住了40多年。巴金在这里完成了被海内外文学界、思想界称之为“一部说真话的大书”的《随想录》。
151,上海昆虫博物馆,2,2,"上海昆虫博物馆的历史非常久远，它的前身是筹建于1868年的震旦博物院, 当时储藏中国所产的动植物标本为远东第一，有“亚洲的大英博物馆”之美称。经过100多年的创业和发展，现收藏全国各地昆虫标本100多万号，保藏着一大批濒危珍稀昆虫标本及国际和国内的危险性检疫害虫标本，是我国大型的专业昆虫馆。镇馆之宝是海伦娜闪蝶，被称为世上最美蝴蝶。此外它也收藏日本、菲律宾、安南（越南）、暹罗（泰国）、马来等地的标本。馆内分为昆虫生命厅、昆虫文化厅、昆虫世界厅、昆虫放映厅、互动实验室等"
152,大宁郁金香公园,1,2,山林、清泉、湖泊、瀑布形成一片湖光山色，就是沪西最大的都市园林大宁郁金香公园。这里拥有荷兰郁金香赏花胜地“库肯霍夫花园”原汁原味的美景，也有着上海独到的风土人情。215万株来自荷兰的原产郁金香，数十个新奇品种，如同“上帝打翻的调色板”，泼洒在大宁灵石公园的中心湖、白沙滩和磨坊风车之间。如果您恰巧赶上了郁金香的盛花期，就可体验到“不远足，也能把花看醉”的既视感。大宁郁金香公园是浦西最大的集中绿地，设计风格讲究中西合璧，古今相容，营造出一个叠山理水，起伏多变的丘陵式地貌。公园分为东南西北，东块是自然式园林，南块是南国风情，是湿地沼泽，西边则是园林精品和山林景区，北边则是湖光山色和北海景区。繁貌的植物群落，使公园更加引人入胜，充满灵气。
153,南浦大桥,1,2,南浦大桥是上海黄浦江上的第一座大桥。迄今已将近30年了，但依然屹立雄伟。每天的车辆来来往往数以万计，旁边也是当年世博园的旧址，现如今建设成为供市民跑步的休息便道，绿化郁郁葱葱，十分令人赏心悦目。
154,鲁迅故居,2,1,·鲁迅故居约建于十九世纪初叶，是鲁迅故里景区中的最热门景点之一。·故居原来是两进，如今前面一进已非原貌，后一进的主体建筑还是当年的老宅，鲁迅的童年、少年时期在此度过，直至1899年出外求学。
155,龙华寺,2,2,现今龙华寺的殿宇大部分属清同治、光绪年间的建筑，依次为弥勒殿、天王殿、大雄宝殿、三圣殿、方丈室和藏经楼。光绪年间铸造的青龙铜钟，作为“龙华晚钟”是昔日的“沪上八景”之一。明万历年间敕赐大藏经718函、范金千叶宝莲毗卢遮那佛和御赐金印为龙华寺“镇寺三宝”。
156,上海图书馆,2,3,上海图书馆是一个研究型公共图书馆，建于1952年7月，原址位于南京西路325号，后搬迁至淮海中路1555号。1996年12月20日，上海图书馆新馆正式对外开放，成为一个大型综合性研究型公共图书馆，跻身于中国十大图书馆之列。
157,世博后滩湿地公园,1,3,上海世博后滩湿地公园为上海世博园的核心绿地景观之一，位于黄浦江之东岸之与浦明路之间，南临园区新建浦明路，西至倪家浜，北望卢浦大桥，占地18公顷。场地原为钢铁厂（浦东钢铁集团）和后滩船舶修理厂所在地，2007年初开始，由北京大学教授俞孔坚领衔“土人设计”团队设计，2009年10月建成。
158,MOI幻觉艺术博物馆,2,3,火爆全网、3年内征服全球19个国家的MOI幻觉艺术博物馆！这不仅是中国首个MOI幻觉艺术博物馆，还是全球系列展馆中规模最大的！80+奇幻装置挑战你的大脑，眼见不一定为实，接下来让我们一起开启博物馆探索之旅吧！反重力、身体大小瞬间变幻、空间颠倒、视觉错觉...这里的每一个装置都在挑战你的大脑，欺骗你的眼睛！先看看歪果友人们是怎么玩转幻觉艺术博物馆的~在各种各样的空间场景中，可以任意发挥你的脑洞和创造力，解锁更多隐藏的视错觉惊喜。叫上小伙伴一起来一探究竟！
159,梅川路步行街,2,1,普陀区梅川路步行街，曾经入选上海十大休闲街之一，上海旅游节花车巡游的定点站点，是普陀区具有代表性的商业街。位于普陀区的一个休闲购物的生活广场。广场中央立了一个一百米高的塔。塔身全部用花岗岩堆砌，非常壮观。走进观看，塔身内安放着一座四面象，表示“祥和”。塔外面立着两块牌篇，介绍塔的建造史，和大世界吉尼斯纪录的诞生。整个生活体验广场集购物、娱乐、美食为一体，全步行式的，非常不错。
160,西沙湿地公园,1,3,·位于崇明岛西端，是长江畔的一处滩涂，更是观潮、寻鸟、赏日落的绝佳之处。·偌大的湿地上长满了芦苇，并夹杂着多种植被群落，放眼望去，茫茫的一片绿色海浪，美得令人震撼。·湿地素以观鸟胜地出名，这里有大量鸟类的栖息地，每年11月至次年3月是最佳观鸟季节。·是看落日的最佳场所，堪称崇明一景的“西沙日落”，在滩涂的映衬下，显得与众不同。
161,复星艺术中心,2,2,复星艺术中心坐落在外滩金融中心，是由复星集团及复星基金会发起并出资建立的非营利机构。复星艺术中心旨在推广当代艺术，致力于联结中国与国际的文化艺术，促进公众对全球当代艺术的关注、理解和参与。同时，复星艺术中心持续关注和支持中国本地艺术家，为优秀的中国当代艺术作品提供广阔的展示平台。
162,罗斯福公馆,2,2,原英资怡和洋行在上海外滩所建的办公大楼，怡和洋行曾经是上海规模最大的一家洋行，号称“洋行之王”。与那时候绝大多数的洋行一样，主要收入来源是见不得光的鸦片贸易。如今大楼的被改造为了罗斯福公馆，是上海滩的时尚聚集地。
163,探险家独木舟,1,1,探险家独木舟，位于上海迪士尼景区宝藏湾板块内，可以登上独木舟，开启探险之旅！为了成为探险家，首先你要划动你的单浆，然后和你的伙伴们同步划动，才能快速前进！沿着首先经过宝藏湾中的女妖复仇号！最明显的标志在船头！然后经过冒险岛区域，非常不错的游戏
164,北外滩滨江绿地,1,2,上海北外滩滨江绿地位于黄浦江的中心地带，东起高阳路，西至溧阳路，北从东大名路，往南至黄浦江驳岸线，呈东西向贯通，总面积为64088平方米，西接外滩，南与陆家嘴、东方明珠电视塔隔江相望。绿地辅以丰富的树木、植被群落，已营造出一个“亲水、通透、美观”的沿江景观。北外滩滨江绿地2012年7月16日开始正式对外开放，历来是中国企业巨无霸上海港务和远洋公司的地盘，被上海市政府强制为市民开放，商务区作为市民休闲场所也是一种创举，绿地主要景观：一滴水、彩虹桥、音乐之门。
165,川沙古城墙,1,2,位于新川路171号城厢小学内，始建于明代，现尚存东南一角，上有魁星阁、岳碑阁、笔塔等建筑。 川沙古城墙建于1557年，是当时川沙人民为抵御倭寇入侵而建。凭借此城墙，川沙人民成功地击退了倭寇的多次侵袭。此城墙为中华民族不屈不挠抵御外侮的物证。
166,汇龙潭公园,1,2,汇龙潭公园位于嘉定镇南首，南临沙霞路，西与孔庙毗邻，东靠博乐路，北与嘉定宾馆相对峙。1979年5月1日正式对外开放，1984年又扩建二期工程，现今公园占地七十余亩。公园南部以汇龙潭水和应奎山组成山水相依的自然风景。魁星阁、百鸟朝阳台等明清建筑平地拔起，气势轩昂、参天古木，名花异草相映成辉。北部姑苏庭院格局，飞檐翘角、秀雅简朴、白壁粉墙、小桥流水、曲径通幽。布局紧凑，古建筑相对集中，畅观楼、怡安堂、缀华堂造型各异，古朴典雅。园内历史文化古迹颇多：有宋、元、明、清朝代的石亭、石塔、石峰等文物古迹；百年以上的古树名木十一棵。古朴浑厚，保存完整，是历史文化艺术之精品。候黄二先生纪念碑与小刀会就义遗址的业绩古树给游客游园增添不少情趣。徜徉与古朴秀美的幽境，如入桃源之中，极富诗情画意。由于汇龙潭历史悠久、景色独特，被列为上海名园之一。
167,八音盒珍品陈列馆,2,2,上海八音盒珍品陈列馆是中国唯一一家专门展示欧洲八音盒艺术及其发展历史的专题型陈列馆，馆内珍藏了珍品200余件，包括古董八音盒与西洋自动人偶两大部分。馆内拥有堪称八音盒至尊珍品的“世界上最古老的八音盒”，是于1796年由瑞士钟表匠安托*法布尔发明制作的。馆内有专业人士为参观者介绍八音盒的原理构造和历史演变，并挑选具有代表性的八音盒与自动人偶为参观者逐一表演。那些充满艺术感和想象力的伟大作品，常常将人们带入梦幻般的童话世界。陈列馆本身所处的建筑“东方艺术中心” 是浦东最大的文化艺术中心，也是一个著名景点，是由法国著名建筑师保罗•安德鲁设计，从高处俯瞰犹如五片绽放的花瓣，组成了一朵硕大美丽的“蝴蝶兰”。晶莹剔透的外观加上内部极富现代感的墙面装饰和新颖的区域分割，衬托出这一音乐殿堂的美轮美奂和别具一格，同时其典雅的艺术氛围更是与八音盒陈列馆相得益彰，这也是八音盒陈列馆舍弃其他商业场所，独独青睐于此的原因。古董八音盒以圆筒型八音盒与圆片型八音盒为主要展示内容，同时包括街头手摇风琴，歌鸟等发声机械。其中圆筒型八音盒是八音盒家族中最典型，最古老的类别，其工艺于19世纪中期在瑞士发展至顶峰，本馆陈列的正是当时一系列的代表作。 西洋自动人偶展示了欧洲自动人偶鼎盛时期（1865-1905）的大量优秀作品以及近现代人偶制作大师的传世杰作。人偶不仅外表栩栩如生，而且表演起来也自然优雅，拟人生动，令人大开眼界。
168,基督教国际礼拜堂,2,2,基督教国际礼拜堂从12月22日至12月26日每天19:00都会做圣诞音乐崇拜。在圣诞夜12月24日19:00-20:30，基督教国际礼拜堂会举行大型圣乐崇拜的典礼，整个典礼隆重而典雅，通过歌曲描绘赞颂基督出生的过程，同时也有牧师讲述人生心得。圣诞夜活动场面很大，人很多，要排很久的队才能进去，如果楼下人满了，就只能到楼上看转播的屏幕了，所以如果想看到现场，一定要早早的去。管理人员非常和善，有饮水机免费喝水，还会发放圣经，但是也要到的早才能够领取到。
169,上海犹太难民纪念馆,2,1,上海犹太难民纪念馆是纪念一战期间上海总共接纳了近三万名为逃离纳粹的屠杀和迫害而从欧洲来沪的犹太难民，为他们撑起了一艘“诺亚方舟”。“提篮桥历史文化风貌区”现仍较为完好地保存着当时作为犹太人居住区时的风貌，是中国境内唯一一个能够反映二战时期犹太难民生活的历史遗迹。
170,课植园,2,2,·课植园历时15年修建，是镇上最大的庄园式园林建筑，曾是当地巨贾马文卿的私宅。·园名定为“课植”乃寓“课读之余，不忘耕植”之意，课园是生活学习区，植园是娱乐耕作区，环境幽静，风光独好。·望月楼、书城是园内最为典型的中西合璧建筑，园中碑廊里镶嵌着明代四大才子唐、祝、文、周的诗词信札等手迹石刻，具有很高的历史文化价值。·这里游览内容丰富，是带小孩游玩的绝佳之地。
171,徐光启墓园,1,2,徐光启墓是明末儒学、西学、天学、天文学、数学、水利学、农学、军事学学者，思想家、政治家、军事家，天主教教友领袖和护教士，礼部尚书兼文渊阁大学士徐光启（1562年4月24日－1633年11月10日）及其部分亲属的墓地。位于上海南丹路光启公园，是全国重点文物保护单位。
172,上海滨海森林公园,1,2,上海滨海森林公园坐落于上海南汇滨海旅游度假区，北临滨海高尔夫，南靠上海鲜花港，距浦东国际机场18公里，离临港新城商业区仅5公里。公园总面积5380亩，其中森林占75％，河湖占20％，交通便捷，气候宜人。
173,宋庆龄陵园,1,2,宋庆龄陵园坐落于上海市区宋园路，离徐家汇商圈不远，这里是国家名誉主席、国母宋庆龄长眠的地方。宋庆龄陵园占地约12公顷，由宋庆龄纪念设施、名人墓园和外籍人墓园以及少儿活动区四个部分组成。以宋庆龄墓为中心的纪念设施，是陵园的主体部分。主要有宋氏墓地、纪念广场、展示宋庆龄特有气质和风采的汉白玉雕像、由邓小平亲笔题词的宋庆龄纪念碑和宋庆龄生平事迹陈列馆等。陈列馆展线长137米，展出照片400多幅，实物100多件，真实、形象、全景式地展示了宋庆龄从一个追求真理的爱国青年到投身革命，最终成为共产主义伟大战士的光辉历程。宋庆龄陵园还建立了名人墓园。名人墓园安葬有爱国老人马相伯、抗日英雄谢晋元“三毛之父”张乐平等知名人士，每个墓建有反映他们生前风格的栩栩如生的纪念雕塑；外籍人墓园葬有来自世界25个国家的600多名外籍人士，其中有鲁迅的日本朋友内山完造夫妇、宋庆龄的美籍女友耿丽淑等。
174,真如寺,2,2,真如寺位于上海普陀区真如镇，原名“万寿寺”，俗称“大庙”。创建于南宋嘉定年间，为上海著名的佛寺，全国文物保护单位。中华人民共和国成立后政府拨款修理大殿。现存梁、柱、枋、斗拱等主体结构以及大部分构件皆为元代原物，是我国佛教寺院中为数很少、保存下俩更少的元代建筑，故此寺的元建大殿更显可贵。
175,天马山公园,1,3,天马山公园位于马尾区西北面的天马山，1997年初步建成开放。现规划建设的有天马春晓、名贤传秀、仙林弈秋、云壁听泉、古塔佛光、摩云揽胜、石洞探秘、北峰观日、竹影临溪、琵琶月夜等十大景区。山上植被非常茂盛，主要是台湾相思树。攀登天马山，除了登高观赏马尾区的风光外，还可以欣赏相思树的风采。
176,桂林公园,1,2,桂林公园位于桂林路128号，全园占地面积3.55公顷，始建于1929年，出资350万银元，1932年竣工。桂林公园以江南古典园林的传统手法，布局精巧别致。在嶙峋怪石、湾池小轩、苍松翠柏映衬下，构成完美统一的建筑群。桂林公园全园植金桂、银桂、丹桂、四季桂等23个品种、1000余株。每逢中秋佳节，桂花盛开，满园飘香，沁人肺腑。桂林公园造园艺术采用江南古典传统布景技法，布局精巧别致，园内龙墙、花墙回绕、小桥流水、叠山立峰、楼台掩映、亭榭参差、曲径通幽、花木葱茂、布局协调，建筑风格明快。哈哈亭、凌云亭、松月亭、颐亭、八仙台、观音阁、四教厅、迎宾厅、桂花 厅、飞香厅、九曲长廊、般若舫、“双虹卧波”、拱桥等建筑物在怪石嶙峋，清池小轩，苍松翠柏掩映下，构成完美统一的桂林公园。全园遍植金桂、银桂、丹桂等23个品种，1000余株。每逢中秋，满园飘香。每年的桂花节是它的一大特色。
177,州桥老街,1,2,州桥，又叫登龙桥，始建于1245年，单孔石拱桥，南北走向，跨练祁河，石阶桥面南北各13级，1998年重修。       州桥老街，作为嘉定城区中心，自南宋嘉定十年（1218年）起一直保存下来，在千步之内汇集了宋、元、明、清历代古塔、旧庙、名园而为国内罕见，可谓“嘉定之根”，这里也是人气最旺盛的老街区。同时老街也是连接孔庙、汇龙潭、秋霞圃等名胜古迹的旅游购物通道。
178,西佘山园,1,4,西佘山园是佘山九峰中环境最好、最具特色的森林公园。西佘山林地面积800余亩，海拔高度98.8米。它以秀丽的自然风光、璀璨的宗教文化、茂密的竹林、俊俏的山峰和雄伟壮观的山顶建筑吸引着中外游客。佘山圣母大殿是与法国罗德圣母大殿齐名的天主教堂，也称远东圣母大殿。该堂于1871由法国传教士始建，1935年落成。它集多种建筑风格于一体，采用无木无钉无钢无梁的四无结构，堪称不对称的典范。从20世纪40年代起即为世界闻名的天主教圣地，也是国内天主教最主要的朝圣地。在西佘山山顶处有一耸立的天主教中堂。堂内设祭台供奉圣像，可容500余人。中堂前有可容千人的圆形广场，凭栏可观四周风景。广场西侧山坡，有开阔的空地一方，建有耶稣圣心亭、圣母亭、若瑟亭，合称“三圣亭”。
179,大连路绿地,1,3,该项目以“知识杨浦，收获金秋”为立意，创造出“五片围一心，一廊串两轴”的特色景观格局，将成为上海市区又一点睛之笔的城市景观。该项目的建设不仅将填补上海市城市绿地应急避难场所建设的空白，同时正式揭开上海市应急避难场所建设的序幕，推动整个上海市应急避难场所系统建设工作的开展，而且在工程当中所有的经验和成果，将成为今后城市各类应急避难场所建设难得的极具说服力的理论依据和实践经验，成为周边城市和地区的绿地应急避难场所建设的典范，具有里程碑式的意义
180,沪申画廊,2,2,沪申画廊以推动亚洲当代艺术为己任，以其高质量的展览和富有敏锐洞察力的策划而闻名。地处于外滩这一上海最为卓越和富有历史沉淀的地区，沪申画廊通过其特有的活动和展览，展开了一系列对于当代艺术、文化意义、艺术家实践和跨领域项目的讨论。画廊坐落在著名的标志性建筑的三楼，并由著名建筑师Michael Graves设计，沪申画廊以其雅致的楼高和充裕的自然光线呈现出1200平方米的空间包括收藏设备，贵宾室，画库和展览空间。
181,金色童话盛典,2,3,欣赏您最喜爱的迪士尼公主们倾情上演的的音乐舞台盛宴，领略奇妙魔力和动人乐曲。白雪公主、安娜和艾莎、茉莉、爱丽儿和梅莉达诚邀您加入她们，一同前往“奇幻童话城堡”前的“奇想花园”，观赏精彩绝伦的日间演出。不同年龄段的游客将可以透过可爱的迪士尼朋友绝美的演出服装和难忘的美妙音乐兴高采烈地融入到迪士尼经典的娱乐庆典中。快来亲身感受这有趣浪漫、欢乐刺激的体验吧，让我们一起做一个“永远幸福美满”的美梦！
182,国家会展中心,2,4,国家会展中心（上海）总建筑面积147万平方米，拥有40万平方米的室内展厅和10万平方米的室外展场，配套15万平方米商业中心、18万平方米办公设施和7万平方米五星级酒店[1] 。于2015年1月19日竣工。国家会展中心（上海）作为世界规模最大的会展综合体，将充分依托上海的区位优势和辐射能力，立足长三角，服务全中国，面向全世界，为促进上海国际会展中心城市建设，上海国际贸易中心建设和中国展览业发展做出积极的贡献。
183,闵行公园,1,2,园内建有棚架长廊、大型假山盆景、猴山、荷花池、磨菇亭、假山等，以高大乔木、四季花木和高低错落的绿篱分隔空间。园西建活动区，园东设置土山、密林、草坪、花径、溪流、鱼池。园东北有总面积3300平方米的规则式花坛群，坛中植各色月季。园东部建有一座猴馆，登上二楼平台可观看猴山上猴子的活动。园内活动区设置了儿童游乐碰碰车、小火车、电动车、海洋球、摇马、马拉车、高架飞机、赛车等儿童游乐设施，是上海市首批免票入园的公园之一。
184,三林老街,1,2,三林老街依三林浦而建。说是老街，其实大部分是重建重修。三林浦穿镇而过，南岸街上，只有上林艺术馆，一家新开的茶艺馆和几家饭店。整个老街都在北岸，东西走向，房屋大都是砖木结构的二层楼，白墙黛瓦，屋檐比肩接踵，沿河一字排开。一条街上，众多的店铺，中间掺杂着深宅大院、亭阁戏台。三、四座质朴优美的石桥横跨三林浦，在水面留下了清晰的倒影。
185,华山路,2,2,华山路全长四千多米，北端从愚园路静安寺起，南端延伸至衡山路徐家汇。虽然连接着两大商圈，华山路本身是一条宁静的马路，褪去了一百年前“徐家汇路”的名字，两边的老洋房依然完好得保留着，与茂密的树木相映，值得你边逛边拍照留念。
186,南翔双塔,1,2,南翔双塔是上海古塔中的老寿星，也是我国砖塔中的珍品，建于五代至北宋初年，原建在白鹤南翔寺山门内两侧。清乾隆三十一年（1766年）一场大火将古寺烧的荡然无存，惟独砖塔劫后余生，为南翔古镇最古老的地面文物。200多年来，古塔历经沧桑，已是岌岌可危。1982年根据古塔尚存的构件和痕迹，以及地下清理的点滴实物，参考大量文献资料，终于构画出古塔复原方案。现新生的双塔，七级八面，高11米，全部砖制构件外观模仿江南木结构楼阁式宝塔。塔上火焰形的壶门，简朴的直棂窗，精巧的斗拱，细腻的栏板和秀挺的塔刹，表现了典型的唐宋建筑风格。它的修复体现了上海人民保护民族文化遗产的热情和智慧。
187,滨江公园,1,3,滨江公园位于宜昌市城区中心，横卧在扬子江畔， 长3.8公里， 平均宽65米，占地面积17公顷， 其中绿地面积12.5公顷，是一座依街傍水的开放式公园。昔日的滨江公园是一片河沙滩， 随着长江葛洲坝工程的兴建， 政府投资5000多万元，沿江筑起800米长的护岸大堤，1984年，市政府又投资1000多万元，建成了双亭广尝镇江阁等一批景点。2001年为配合沿江景观改造，宜昌市政府投入资金在双亭广场增设礼花灯、轮廓灯及射灯，并在沿江护栏处增设一排景观灯，成为一道引人注目的风景线。滨江公园全绿色构成了滨江公园的主色调，在绿树辉映花团锦簇之中，园内的仿古建筑镇江阁、屈原塑像、双亭广尝南檄盆景园与沿江大道、沿江护岸、夷陵长江大桥浑然一体，其景如画，独具神韵。滨江公园海拔55米，与长江水位相近，可与江面互为对景。狭长的公园绿化园地，恰似镶在城区边缘的一幅彩带，宛如一座街头画廊， 被人们誉为“万里长江第一园”，是来宜昌的游客必到之地。
188,外滩源,1,3,外滩源”位于黄浦江和苏州河的交汇处，东起黄浦江、西至四川中路、北抵苏州河、南面滇池路，占地16.4公顷。“外滩源”顾名思义，即外滩的源头，这一地区从时间上讲，拥有外滩地区最早建成的一批历史建筑；从空间上看，又是外滩的起点。从上海开埠起，1849年英国人最早在“外滩源”地段建造驻沪领事馆、商务和传教机构，继而从英国领事馆沿黄浦滩向南扩张，建设货运及游船码头，以及成片的滨水仓栈，逐渐形成了外滩风景线，带动了浦江西侧腹地的纵深发展，使老城厢的郊野在20世纪20年代演变成了繁华的新城区中心。“外滩”从某种意义上可谓近现代上海城市生长发展的摇篮，是上海开埠的起源点
189,武康庭,2,1,别具魅力的砖巷庭院，源于20世纪初的上海法租界年代，经历多年荒废后，终于在15年前重新开发，打造成一个全新的小天地，云集极度著名的咖啡店、餐厅、艺术画廊、红酒店等。目前，武康庭已跃居为上海远近闻名的区域，吸引艺术爱好者、时尚年轻人及共鸣者，成为获得赞誉、引人入胜的都会小绿洲。
190,世纪大道樱桃园,1,2,樱花园位于东昌路地铁站1号出口，是每年上海热门的赏樱胜地，庭院内错落有致的种植了早樱和晚樱，所以从三月下旬到四月中旬都能赏到不同的樱花盛景，每当樱花盛开之时都会吸引许多路人留恋驻足。落英缤纷时就更美了！世纪大道沿线一道亮丽的风景。
191,祥和公园,1,2,上海市祥和公园位于真光路西侧，南边及西边与居民区为界，北侧靠近梅川路步行街，总面积为3公顷，公园入口在真光路上。公园始建于2001年3月，完成于2001年10月，2005年2月对社会开放，免费入园。公园是周边祥和家园的配套设施，由申豪房产有限公司建造。公园建筑风格采用英国园林手法，该园以南北草坪及阶梯式观光平台为主。南草坪在正门进门处，草坪外围有一条鹅卵石铺就的园路，路边种植高大的庭荫树。园中是一座阶梯式观光平台，上边竖立着房产公司的标志建筑。北草坪地布置风格与南草坪的绿化布置一样。在主题绿化的周边点缀着曲桥、小河以及遍植的花灌木
192,泾东公园,1,2,泾东公园位于浦东新区罗山路、博山路交叉口的西北侧，毗邻杨浦大桥，占地31.2亩(20800平方米)，由原黄浦区园林所设计并施工建造。一期工程于1989年“国庆节”前建成，并正式对游人开放，1996年扩建至今日规模。公园规模不大，却处处蕴含着江南园林的神韵。园内种植有近万株约200种树木，蜿蜒小径穿行于林间，连接着以草坪、假山、水池及广场为主题四大景区，移步换景“小中见大”，园中景致遥相辉映，相映成趣。草坪景区位于公园西北角，一偶配以仿石、仿木景墙，营造出自然景色，游人置身其中，遥望远处掩映在丛丛树木后的杨浦大桥，自然景观与人文景观浑然融为一体，体现出人与自然的和谐。水池位于公园中央，分为南北两个池面，池面不宽但清澈醉人，岸边鹅卵石小道环抱，与池边“观虹亭”相连，池中荷花、睡莲与岸边的垂柳婆娑婀娜身姿相对应，给人以宁静、悠闲的感觉。位于水池和草坪之间的假山，是利用挖水池时的泥土堆积而成，山上松柏等常绿树木郁郁葱葱，宛如绿色的“华盖”，在夏日给人以惬意的凉爽。广场偏于公园东南方一角，由夸张的廊架与彩色道板铺成的地坪组成，故名为“彩虹”，周围配以低矮的灌木，四季花团紧簇，使人视野开阔，心胸豁然开朗。四个景点各具特色，搭配得恰如其分，为公园增添了诸多美景。泾东公园以其美丽的景色吸引着众多游人，成为浦东洋泾地区居民锻炼和活动的主要场所，公园仿佛是镶嵌在杨浦大桥下的一块绿色美玉，更是洋泾社区休闲好去处。
193,黄兴公园,1,2,"上海黄兴公园以辛亥革命重要领袖之一的黄兴先生的名字命名；东起营口路、西至双阳北路、南临走马塘、北靠国顺东路，占地62.4万平方米。公园与规划建设中的大学城相邻，距内环高架匝道仅200米，交通便利，为杨浦百万居民增添了一片绿色天地,成为游览和休闲的胜地。"
194,钱学森图书馆,2,4,坐落在上海交通大学徐汇校区的钱学森图书馆，图书馆总用地面积9300平方米，总建筑面积8188平方米，地下一层，地上三层，陈展面积约3000余平方米。馆内基本展览分为中国航天事业奠基人、科学技术前沿的开拓者、人民科学家风范和战略科学家的成功之道四个部分。馆藏钱学森同志文献、手稿和书籍76000余份，珍贵图片1500余张，实物700余件。馆内设有资料厅、专题展厅、学术交流厅等文化设施。
195,古华公园,1,2,古华公园是上海市奉贤区十大旅游景点之一，位于奉贤区南桥镇中心，属于一座仿古园林的大型综合性公园。公园实行免费开放。公园历经多次改造、扩建，目前公园占地面积为60余亩。古华公园在构筑上采集了奉贤历史上众多典故，迁入和再造了大批历史建筑，使公园具有了浓郁的历史文化气韵和江南水乡景象。
196,张爱玲故居,2,2,这里是著名作家张爱玲的故居，建于20世纪30年代初的法式公寓建筑，如今称常德公寓。张爱玲曾在这幢楼的601室生活了5年左右。她笔下妙趣横生的《公寓生活记趣》，说的便是这座大楼里的喜忧。
197,上海话剧艺术中心,2,3,上海话剧艺术中心是上海唯一一家国家级专业话剧团体，也是中国最优秀的话剧团体之一。中心不仅有着一大批专业的编剧、导演、演员、舞台等创作人员，还拥有三个大小各异、功能齐全的专业演出剧场，每年上话自主创作、交流、引进及巡回的各类演出八百多场次，吸引国内外观众三十余万人次。上海话剧艺术中心的宗旨是：以自身的博大与包容吸纳全国各地世界各国的艺术家，用形式多样内容丰富的舞台作品吸引更多的观众，在台前幕后所有人员的共同努力下，把上海话剧艺术中心发展成为一 家具有国际声望的，且与上海这座城市地位相匹配的现代化世界一流剧院
198,复兴公园,1,2,复兴公园是上海唯一一座保留法国古典式风格的园林，也是近代上海中西园林文化交融的杰作。东邻重庆南路，南临复兴中路，西近思南路，北与科学会堂等为界。公园有四个大门出入；南门在复兴中路重庆南路转角；北门在雁荡路；西门出皋兰路；东门出重庆南路。1995年全园面积8.89万平方米。园内经常举办各种嘉年华、演唱会活动。
199,陈毅广场,1,2,陈毅广场位于上海外滩中山东一路南京东路口东面，为了纪念新中国上海市第一任市长陈毅而建，现在已经成为上海市的旅游景点，吸引着许多的市民前去观看，丰富了市民的夜生活。
200,丁香花园,1,2,丁香花园是上海最负盛名、保存最为完好的老洋房之一，于十九世纪60年代由李鸿章特聘当时的美国建筑大师罗杰斯来沪设计建造。花园将西洋花园官邸建筑与中国江南园林于一体。园中建有三幢西式花园别墅，满园种满了紫藤、丁香等植物，环境宜人。丁香花园被列为上海市优秀近代建筑保护单位。   丁香花园的盛名，不仅在于其建筑本身，还在于洋房主人身份的传奇色彩。此园副西洋花园官邸建筑与中国江南园林于一体，园中建有三幢西式花园别墅，其中1号楼即为李鸿章和丁香居住的丁香楼，二楼为19世纪后期美国式的别墅建筑。该处现为丁香花园，被列为上海市优秀近代建筑保护单位。 1号楼据说是李鸿章和宠妾丁香曾经的住所，又有坊间相传此李鸿章后来将此处给了庶出的幼子李经迈。二楼为19世纪后期美国式的别墅建筑。3号楼则为李鸿章的藏书楼。如今经营特色上海菜、粤菜及颇具香港风情下午茶的申粤轩酒楼坐落于此，进入酒楼用餐的话可以欣赏到整个花园景色。
201,日清大楼,2,2,位于中山东一路5号的海运大楼原名日清大楼。日本名企日清就是在这里创建的。大楼坐西朝东，主要入口在西立面中央。日方造的是下3层和半地下室，建筑风格简洁，属于“日本近代西洋式”。犹太人造的上3层装饰就比较讲究了，层间有挑檐，檐下窗框上有浮雕。海运大楼的楼顶上是当时罕见的屋顶花园
202,上海基督教沐恩堂,2,2,基督教沐恩堂前身之一为“三一堂”，始建于清同治十三年（1874年），为哥特式建筑风格，砖木结构，尖尖的顶上顶着十字架。因其地处人民广场边上，来往游客很多，平时一二层包括前厅，甚至旁边好几个附属的小厅很快就有人坐满了，非常热闹。每年圣诞节都有唱诗、讲经的活动，还有免费发放小零食吃，活动往往要到次日凌晨一两点活动才会结束，在门口很容易可以打到车回去。
203,圣三一堂,2,1,上海圣三一座堂是中国上海市现存最早的基督教英国圣公会主教座堂，位于上海市中心黄浦区九江路219号，俗称“红礼拜堂”。这座教堂曾是英国国教会设立的英国圣公会维多利亚教区英侨教堂、圣公会华中教区主教座堂、中华圣公会主教院主教座堂，现在又成为中国基督教三自爱国运动委员会和中国基督教协会（“两会”）总部附属教堂。
204,卢浦大桥,1,2,卢浦大桥位于上海2010年世博会会址的中轴线上，是当今世界第一钢结构拱桥，是世界上跨度最大的拱形桥。它也是世界上首座完全采用焊接工艺连接的大型拱桥（除合拢接口采用栓接外），现场焊接焊缝总长度达4万多米，接近上海市内环高架路的总长度。卢浦大桥像澳大利亚悉尼海湾大桥一样具有旅游观光的功能。与南浦大桥，杨浦大桥不同，“世界第一拱”卢浦大桥将观光平台按在巨弓般的拱肋顶端，游客可乘坐高速观光电梯直达50米高的卢浦大桥桥面，沿大桥拱肋人行步道拾级而上，在“巨弓”背上大约攀登280米，登上100米高的拱肋顶端，即可到达篮球场大小的观光平台。
205,韩湘水博园,1,4,上海韩湘水博园全园占地400亩，毗邻黄浦江，是一座古桥博物馆，是一片名木古树的保护区，也是上海难得一见的集齐水、桥、亭、台、楼、阁、树、花、草、木的古典园林。水博园由古生态园区、古文化园区和乡村观光乐园组成。古生态园区以河道、古桥、古树、景观石、仿古建筑为主要构件，以古朴、自然、野趣为格调。古文化园区集中发掘和展示黄浦江水文化、马桥古文化及马桥历史文化名人，建有马桥古文化遗址仿真馆、董其昌画院等。乡村观光乐园以现代农业观光、黄浦江岸农家生活及乡土文化展示、农家休闲娱乐为主要功能，设农业生态展示区、江岸村落展示馆、水生经济作物园区、果树种植区、垂钓区、购物休闲街、农家度假村、农业科技展示馆等八大项目。
206,沉香阁,2,4,沉香阁旧名“慈云禅寺”，占地2378亩，是座有特色的比丘尼寺院，阁内有天王殿、大雄宝殿、观音阁、伽蓝殿和应慈法师纪念堂等。沉香阁以供奉“沉香观音”而闻名，原有的观音像已毁于十年浩劫。现观音阁中供奉的是后来香港信徒们所捐赠的海琼水沉香木的如意轮观音像。阁前有四柱三门重檐牌楼，上有沙孟海所题的“沉香阁”三字。天王殿中弥勒头戴天冠，右脚置于左脚上，此是弥勒在兜率天修行时菩萨相，为弥勒真身像，与一般寺院大肚弥勒迥异。两侧为四大天王，立姿，与一般佛寺坐姿不同。大雄宝殿正中为“华严三圣”。中为卢舍那佛，两旁文殊、普贤立侍左右，还有梵天、帝释两天神左右护侍。这种供式也为江南寺院所罕见。观音阁内供奉着沉香观音，有“如意轮观音”之称。沉香阁与龙华、静安、玉佛三大名刹齐名，1988年被国务院列为第一批全国142座重点开放寺院之一。今沉香观音虽非原像，但仍形神兼具、仪态万方，为佛中珍品，香火终日兴盛。
207,蔡元培故居,2,2,蔡元培故居位于绍兴市区萧山街笔飞弄13号，是一个颇具绍兴特色的明清台门建筑；也是我国目前唯一专门介绍蔡元培一生事迹的名人纪念馆，主要建筑有门厅、大厅、座楼，共三进，占地1856平方米，建筑面积1004平方米，砖木结构，花格门窗，乌瓦粉墙，青石板地。
208,古城公园,1,2,古城公园位于上海古老的江南名园豫园的西北角，北侧和南侧以人民路为界，西至安仁街，南临福佑路，占地面积3.88万平方米。公园建设以改善豫园老城厢地区的环境质量，提高周围居民的生活质量为目标，采用现代的园林表现手法来体现“古”与”新”的结合与过渡，以丹凤楼、钱业公所、民居缩影等景点来反映上海传统文化历史，森林茶座、大草坪、下沉广场等景点为市民提供了休息和活动场所，里面有咖啡厅和钓鱼点。
209,韬奋纪念馆,2,2,韬奋纪念馆坐落于上海重庆南路205弄53和54号，就在复兴公园斜对面的万宜坊。这是两幢新式里弄建筑，曾是邹韬奋先生一家在上海的居所，如今这里陈列着韬奋先生的生平事迹、还原了他生前生活与工作的场景。53号是韬奋事迹陈列展，由一楼至二楼，按时间顺序以照片、文字和实物的形式分别介绍了韬奋光辉的一生。在这里可以了解韬奋先生从少年起，是如何奋斗成为一名杰出的新闻记者、政论家和出版家，以及他是如何用笔杆子致力于抗日救国之高尚斗争的事迹。54号是邹韬奋一家1930-1936年间居住的地方，如今仍保持着当年的风貌。不足7平方米的亭子间是韬奋的工作室，一张写字台、三架书橱已占满了整个屋子。书橱里摆满着英文书籍、写字台上陈列的纸和笔等文物，见证了当年韬奋先生在这里写下的无数篇一针见血的社会评论。在这里，他曾与宋庆龄、鲁迅等战友书信来往，还在这里编译出《革命文豪高尔基》一书。二楼是卧室，没有华丽的陈设，房中的布置仍保持着当年的原貌，简朴的布置，却营造出了家庭的温馨。四周墙上挂着韬奋和夫人及孩子们的相片。三楼则是朋友的借住之处。
210,小桃园清真寺,2,1,上海市著名的清真寺，又称西城回教堂，位于南市小桃园街，最早创建于1917年。1925年，在上海著名穆斯林金子云的积极努力下，重建清真寺。该寺是上海最大的近代伊斯兰教建筑，上海伊斯兰教协会的所在地。因寺门正对着小桃园街，故得名“小桃园清真寺”。小桃园清真寺的礼拜大殿气势雄伟，最多可容纳500人同时作礼拜，大殿分上下两层，殿内有大跨拱顶结构，为国内伊斯兰建筑中所少见。该寺初建于1917年，1925年，在现址重建，是一座园顶的具有西亚伊斯兰建筑风格的清真寺。礼拜大殿的屋顶上竖着伊斯兰教的标志——星月杆。
211,古城墙大境阁,1,1,大境阁建在大境箭台上，是一座结构精巧、造型别致的抱厦式三层楼阁。此阁始建于明万历年间，供关帝像，后改建成三层高阁。大境阁被列为沪城八景之一——“江皋霁雪”景点，是申城旅游热点之一。
212,鹤鸣楼,2,2,"鹤鸣楼位于川沙公园内,是一幢武汉黄鹤楼的仿真建筑物。楼有五塔七层，高54米，建筑面积4200平方米，上用琉璃盖顶，下砌玉石平台，画栋四廊，连80立柱，飞檐翘角，系60金钟，宏伟壮丽，气势非凡。鹤鸣楼是川沙的标志性建筑，内有电梯可直上顶楼，也可顺着塔内楼梯一格格爬上楼顶，站在楼顶可俯瞰川沙的美丽风景。川沙公园是一座江南古典式园林，掩映在一片白墙古树中，非常清幽古朴。现有三大楼、八大景区，三大楼即：鹤鸣楼、德园楼、园外楼。如今，鹤鸣楼已成为川沙公园内的主景。"
213,古钟园,1,3,古钟园位于惠南镇西南角卫星河畔，始建于1982年，占地面积38700多平方米。大明隆庆五年（1571年）铸造的青铜巨钟座落在古钟园中心景区内，该钟钟口直径1.1米，高1.62米，钟身周长2.8米，重1.6吨。古钟为南汇一宝，现被列为上海市市级重点保护文物。公园因此钟而得名，儿童乐园内的游玩设施比较便宜。园内曲径通幽，路面以石板、卵石铺设，亭、榭、阁、桥、路、沟、渠的布局结构和飞檐翘角的建筑设计以及绿化的总体布局，集中突出了“青瓦白墙、青铜银杏”的特征，古朴典雅，清静幽深，重现出古色古香的明代园林风格和生活情趣，系一座仿明建筑的古典园林。全园辟有钟亭、文源馆、藏拙苑、宝宝村四大景区。园内建有蟠龙岛、起凤台、日潭、月湖、镜亭、真意池、观潮阁、听雨亭、聚秀堂、真趣轩、十一曲河心桥等九座亭、七座桥，还有一舫三廊等古建筑。全年都为旅游适宜季节。
214,白云观,2,2,天下道教第一丛林，道教主流——全真道三大祖庭之一，中国道教协会所在。道教全真道派最为著名的十方大丛林制宫观之一。位于北京。始建于唐，为玄宗奉祀圣祖玄元皇帝——老子之圣地，名天长观。金世宗时，引大加扩建，更名十方大天长观，金末重建为太极宫。元初，全真龙门派祖师丘处机真人以74岁的高龄，自山东昆嵛山西游35000里，在中亚机遇“一代天骄”——成吉思汗，成就了“一言止杀”的历史性创举与汉蒙佳话，“拯华夏于累卵，救万民于水火”，获得成吉思汗崇奉而呼之为“神仙”，拜之为国师，掌管天下道教乃至所有出家人，为全真道以及整个道教的大发展奠定了坚实基础。回京后居太极宫，元太祖因其道号长春子，诏改太极殿为长春宫。及丘祖羽化飞升，弟子尹志平等在长春宫东侧购建下院，即今白云观.白云观为世界道教上的最大丛林，并藏有唯一完整的明版《正统道藏》。
215,南汇桃花村,1,3,南汇桃花村是集赏花、休闲、娱乐、餐饮、购物为一体的休闲景区。阳春三月，桃花村的百亩桃园为你争奇斗艳，可谓“不到桃花村，哪知桃花艳”。从1991年起，南汇每年三、四月间都要举办桃花节。旖旎的海滨水乡风光与绚丽的桃花美景交相辉映，成为上海南汇桃花节的一大鲜明特色。每当草长莺飞、春暖花开时节，泛舟而行，在蓝天碧海的映衬下，百里桃花争奇斗艳、云蒸霞蔚；舍舟登岸，走进桃源深处，徜徉于花海之中，游客自己也成了一道人面桃花相映红的风景。
216,龙华塔,2,2,"龙华塔是北宋太平兴国二年(公元977年)建筑的遗迹。位于上海市徐汇区，相传是三国东吴（222－265）孙权为孝敬他的母亲而建，故又名报恩塔。赐额“龙华”，用藏西竺康居僧会所请得的五色佛舍利。唐末毁于战火,北宋太平兴国二年（977）吴越忠懿王重建。塔高40．40米，砖木结构，七层八面，每层飞檐高翘，角挂风铃，姿态雄奇，造型美观，玲珑剔透。当年人们登塔远眺，可见黄浦江帆点点，烟波浩渺，江南秀丽景色尽收眼底。正如诗中描写：“登塔遥瞻极浦东，往来舟逐一帆风，饶地多见江村景，近水楼台此不同。”这里风光优美，“秋江塔影”成为龙华八景之一，是旅游者的好去处。被誉为沪城“宝塔之冠”的龙华塔，与龙华寺相对成立。"
217,上海意大利中心,2,3,上海世博会意大利馆后续项目上海意大利中心正式开幕。 全新开放的“上海意大利中心”不仅将展示意大利的文化、艺术、设计和美食，还将举办意大利名品发布、经贸洽谈等商贸活动。展示区域名为“传统与创新”主题展，从意大利文艺复兴的标志米开朗基罗的青铜大卫像，到达·芬奇设计稿模型；从十八世纪的罗马奎里纳勒宫皇家餐桌到佛罗伦萨圣母百花大教堂穹顶。展览从传统和现代两个视角，向参观者展示意大利的手工业、艺术、饮食文化、珠宝及中意两国悠久的文化商贸交流历史。
218,上汽·上海文化广场,2,2,上海人民文化广场”筹建于1952年4月，由原逸园跑狗场改建而成，同年12月改称“文化广场”，是上海重要的群众性政治、文化活动中心之一。1969年12月，舞台、会场和部分展览馆毁于大修时发生的火灾，1970年恢复重建。1992年改组为文化广场实业公司。2005年9月文化广场改造工程启动，2011年9月23日，新落成的“上海文化广场”正式对外开放。 上海文化广场曾在上海人民的社会文化生活中担当重要角色，在传播主流文化、高雅艺术，促进国际交流等方面发挥了不可或缺的纽带作用。重建后的上海文化广场将集现代演出、艺术展示、文化体验于一身，以音乐剧演出为主线、各类时尚经典艺术为辅线，努力孵育并营建音乐剧发展的艺术舞台，引领文化休闲业态，以臻特色鲜明的地标性文化艺术中心。
219,吴昌硕纪念馆,2,2,上海市浦东新区华夏公园内。馆舍造型仿上海山西北四季吉庆里吴昌硕故居。吴昌硕（1844-1927）是中国近代诗、书、画、印的艺术大师，艺坛尊其为“四绝”画家、海上画派的领袖人物。吴昌硕纪念馆由华夏文化旅游区开发公司与吴昌硕艺术研究协会于1994年初发起筹备，华夏公司出资建造，建筑面积972平方米，投资300万。上海市副市长龚学平为纪念馆揭牌。手书体“吴昌硕”铜字镶嵌在古朴的柚木屏风上。馆内设“吴昌硕艺术生平展”展室，分“根植沃土”、“磨历艰难”、“盛名沪上”和“树帜华夏”四个部分，展出图片79幅，画集、书刊20多本。并展出吴昌硕及其弟子、传人和其艺术研究人士的书画作品，以及生前所用的文房四宝、书信、诗稿用具等
220,陶行知纪念馆,2,2,上海市陶行知纪念馆成立于1986年10月18日，位于中环线附近的大华行知公园西侧，是陶行知创建山海工学团以及重庆育才学校迁址到沪的所在地。纪念馆占地2150平方米，由一组兼具徽州（陶行知的家乡）民居和苏州园林特色的建筑组成，建筑面积1684平方米，400平方米的小湖居于全馆的中央，一桥架东西，走廊曲折，水上亭榭，可以小憩。纪念馆另设有开展入团（队）宣誓仪式等集体活动的场地和播放专题录像、举行各类专题学术报告会的多功能厅以及陶行知网站、陈鹤琴纪念室、阅览室、资料室、文物保管室、多媒体教室、活动室。600平方米的展厅内，展示了陶行知先生生前各个时期的经历，其中遗著、遗物、图片300余件，较为完整地反映了伟大的人民教育家陶行知先生的光辉一生。
221,天山公园,1,3,上海天山公园位于延安西路1731号。1958年，为填埋法华浜而在园址大量取土，形成人工湖，因其形似葫芦，取名葫芦湖。人民政府在湖的周围种植树木，辟建为公园，于1959年国庆节取名法华公园对外开放。公园原占地面积7.2万平方米，1998年因建造轨道交通明珠线和延安西路拓宽征地4300平方米，现有面积6.8万平方米，其中水体面积1.67万平方米，草坪1.24万平方米。公园布局精巧，环境幽静。拥有山、湖、池、岛等景观
222,虹口星外滩,1,2,星外滩，由 上海 港国际客运中心、国际航运服务中心及星港国际中心三个超大型项目组成，定位于国际金融航运集聚区。这里经项目整体开发后，沿江高楼林立，多达34座，不过感觉这些高楼目前的入驻率还不算高，沿江的绿地开放空间，平日里更像是写字楼白领们午饭散步的地方。星外滩所在的区域，原先也属于码头。最早的历史可以追溯到1845年开埠的汇山码头。新 中国 后，汇山码头主要为 上海 市港务管理局第三装卸作业区（简称：上港三区），是新 中国 最为重要的工业装卸码头之一。随着这一片区的开发，大部分与码头相关的历史遗存以被抹去，现如今这里更像是一个商业区，一个游艇汇集的“高大上”的俱乐部。 上海 港国际客运中心由邮轮码头和商业办公楼组成。国际航务中心则是定位于为航运交易、航运办公、航运金融等商务区。
223,置汇旭辉广场,2,3,"置汇旭辉广场位于上海市浦东新区洋泾板块核心区域, 距陆家嘴东侧仅5公里,靠近罗山内环高架，包括一座购物中心、4栋高层办公楼和地下两层的商业和车库。项目由6、9、14号线三线环伺，拥有优良的交通网络。西面的洋泾港河道为项目本身肩负延续区域历史，展望未来发展的意义增色不少。"
224,城隍庙旅游区,1,4,·城隍庙旅游区包含了老城隍庙、豫园及购物美食小商品等一大块区域，是很多人来上海必游的景点。“豫园”和“老城隍庙”是明代私人园林与道教道观，需购票游览，其他区域基本都是开放性的景点。夜幕降临时，整个步行街会变得更加金碧辉煌，喜欢摄影的蜂蜂一定不能错过。对于初访上海的游客而言，城隍庙是全面地领略上海历史、文化、风情，并品尝到地道的上海小吃的第一窗口。
225,新天地,2,3,上海新天地，这个城市的起居室，是繁冗生活之余惬意的放松之处，也是观望世界与本土，张望昨天和明天的窗口。上海新天地是以上海近代建筑的标志-石库门建筑旧区为基础，首次改变了石库门原有的居住功能，创新地赋予其商业经营功能，把这片反映了上海历史和文化的老房子改造成集国际水平的餐饮、购物、演艺等功能的时尚、休闲文化娱乐中心。新天地的石库门建筑群外表保留了当年的砖墙、屋瓦，而每座建筑的内部，则按照二十一世纪现代都市人的生活方式、生活节奏、情感世界度身订做，无一不体现出现代休闲生活的气氛。漫步新天地，仿佛时光倒流，有如置身于二十世纪二、三十年代的上海，但一步跨进每个建筑内部，则非常现代和时尚；亲身体会新天地独特的理念：昨天、明天，相会在今天。在新天地项目开发之前，这里是一片拥有近一个世纪历史的石库门里弄建筑。从十九世纪中叶开始出现的石库门建筑有着深深的历史烙印，它是中西合璧的产物，更是代表了近代的上海历史文化。然而随着城市的不断发展，昔日风光显赫的石库门早已不能满足居住需求而渐渐淡出历史舞台，曾有专家不无忧虑地预言：二十一世纪，上海将见不到原汁原味的石库门了。
226,上海博物馆,2,3,·上海博物馆是一座大型的中国古代艺术博物馆，开设12个专题陈列室，拥有12万余件精品馆藏。馆内荟萃了各朝各代的历史文物，尤以古代青铜陶瓷器、书法、绘画最具特色。其中西周大克鼎、春秋子仲姜盘，以及唐朝《高逸图》、东晋王献之的《鸭头丸帖》等均为国宝级馆藏。另外，博物馆内还会经常举办特别展览，展出以各种国内外文物、艺术作品、书画等为主的专题展。
227,钟书阁,2,3,钟书阁2013年4月营业，成为申城引人注目的文化地标，不仅获誉“上海最美书店”，还被视作中国实体书店转型的一个标杆。陀螺书架、镜面吊顶以及英式古典风的台灯既展现了钟书阁闵行店的鲜明个性，又与泰晤士小镇店的风格相呼应。据悉，钟书阁闵行店内运用大量玻璃元素装修，使得图书看起来更多，打造出“万花筒”式的繁花世界，尖顶配合上面的灯，则使得整个空间有种时光隧道的感觉。
228,上海迪士尼乐团,1,1,欢迎来到米奇大街，随着活力四射的乐队伴随高昂音乐一起快乐摇摆！每天会不定时地演出。手舞足蹈，开怀大笑。乐团成员都是严肃的音乐家，但他们也有令人忍俊不禁的一面，非常适合在氛围友好、热闹非凡的米奇大街上为大家表演。在“米奇大街”购物或漫步时，他们用传统的仪仗队乐器，同时辅以口哨、卡祖笛和中式乐器的演奏，定会让您惊喜连连。
229,上海植物园,1,3,·上海植物园内设有盆景园、牡丹园、桂花园等17个园区，是摄影爱好者喜爱的外拍景点之一。其中盆景园是世界上最大盆景园之一，蔷薇园里的樱花区是上海樱花种植最为集中的区域。这里每年冬季都会举办“寒兰展”，在展上可以见到近二百种兰花，十分美艳。春季是赏花游客最多的时候，尤其是3-5月间樱花、桃花、郁金香盛开期。
230,上海城隍庙,1,3,上海城隍庙位于上海市黄浦区方浜中路，为“长江三大庙”之一。城隍，又称城隍神、城隍爷。是中国宗教文化中普遍崇祀的重要神祇之一，由有功于地方民众的名臣英雄充当，是中国民间和道教信奉守护城池之神。上海城隍庙传说系三国时吴主孙皓所建，明永乐年间，改建为城隍庙。前殿祭祀金山神汉大将军博陆侯霍光神主，正殿供诰封四品显佑伯城隍神明待制秦裕伯御史，后殿乃寝宫。现门前存有1535年所建的牌坊，戏台为1865年建。上海城隍庙殿堂建筑属南方大式建筑，红墙泥瓦，庙内主体建筑由庙前广场、大殿、元辰殿，财神殿、慈航殿、城隍殿、娘娘殿组成。上海城隍庙坐落于上海市最为繁华最负盛名的豫园景区，是上海地区重要的道教宫观，始建于明代永乐年间（1403—1424），距今已有近六百年的历史。风雨沧桑，朝代更迭，上海城隍庙也历经兴衰。
231,徐家汇天主教堂,2,1,徐家汇天主教堂是中国著名的天主教堂，位于中国上海市徐汇区徐家汇蒲西路158号，为天主教上海教区主教座堂，正式的名称为“圣依纳爵堂”，堂侧有天主教上海教区主教府，修女院，建筑风格为中世纪哥特式。这座主教座堂于清光绪三十年（1904年）动土兴建，清光绪三十六年（1910年）9月大堂落成。整幢建筑高五层，砖木结构。法国中世纪样式。大堂顶部两侧是哥德式钟楼，尖顶。高50米。大堂内圣母抱小耶稣像立祭台之巅，俯视全堂，为整座教堂之中心。教堂占地面积2670平方米，建筑面积6670平方米，可容纳3000余人。
232,上海薰衣草公园,1,3,上海薰衣草公园，又称“莫斯利安香草园”，是国家AAAA级旅游景区，位于 上海 市浦东新区申迪东路399弄187号，也就是迪士尼乐园的旁边！薰衣草的花语——等待自己的爱情，透着些许伤感，紫色也往往给人神秘而忧郁的基调。但当你望向这片薰衣草花海时，眼前的美和沁人的花香，会让你相信美好的一切始终会像这紫色而绚烂的薰衣草花一样，盛开到来。
233,淀山湖风景区,1,3,"淀山湖在上海青浦县西，邻接江苏省昆山市，是上海最大的天然淡水湖泊，面积62平方公里，属于太湖流域，是上海的母亲河——黄浦江的源头，有“风吹芦苇倒，湖上渔舟飘，池塘荷花笑”的怡人景象。古代曾是陆地,秦、汉时沉陷为湖(有著名的陆沉传说)，湖中原有淀山,湖名即源于此，淀山上有三姑祠、鳌峰塔等景物。环湖散落着享誉盛名的朱家角古镇、上海大观园、东方绿舟、上海太阳岛、陈云纪念馆等5个国家AAAA级景区；有3个国际标准高尔夫球场；还有环湖步道、湿地公园、乡村旅游和度假村，观光和休闲设施齐全，古今气质交融。湖区面积60多平方公里,西接太湖,东连黄浦江,烟水迷蒙,碧波浩淼。临湖有“水上运动场”,是国际赛艇,及划艇训练和比赛的场所。船坞长5500米,可停泊赛艇200余艘。"
234,老码头,2,2,“老码头”是原来的十六铺，有着最上海的传奇。这里的临江弄堂、老式石库门群落流传着上海滩大亨们的故事。闲坐屋顶的欧式露台，看黄浦江江水滔滔，楼下曾是黄金荣、杜月笙的仓库。如今，老码头将更好地融合上海这座城市的艺术、文化 、商业与风尚，呈现给世人别具一格的海派风情。
235,长兴岛,1,4,长兴岛在中华民国时期开始开发，人口大部分是在民国时期迁入，早期以渔民为主，靠打渔以及收割野生芦苇为主要产业。后有部分已经生根的家族围堤屯田，逐渐形成农业。中华人民共和国成立以后，浦东部分渔民迁入，配置耕地，这部分人被当地称为“新农民”。长兴岛的生活风习、语言习惯甚至血统也基本与崇明、横沙岛同源。 三岛语言就是崇明话，它与宝山有明显的区别。崇明话的发音有很重的喉音、鼻音和胸腔共鸣，多开口音，不像宝山话有明显的齿音和舌尖音。三岛由于交通不便，各方面自有其独立性，受外界影响少，所以保留了不少古风。
236,SKY RING 屋顶摩天轮,2,1,国内首个悬臂式屋顶摩天轮SKY RING，30个纯白色浪漫轿舱，360度极致视野，搭配摩天轮下午茶及摩天轮大餐，享受人生美妙的时刻。SKY RING轿舱由德国红点奖与美国IDEA奖获得者、著名设计师张希春及其团队量身定制，他们曾为飞机和豪华轿车出品过享誉业界的设计方案。SKY RING整体呈流线型，顶部是一个神秘的花蕊造型，进入轿舱时，立刻有一种梦幻华丽的感觉。SKY RING轿舱顶部的主光源可增加内舱亮度，在就餐、拍照时，可打开使用，根据需求调节明暗亮度，超级人性化！更有意思的是，调节氛围灯按钮还可以变换出各种色彩的灯光效果。SKY RING轿舱贴心配置了无线蓝牙，用手机连接蓝牙，就可以播放手机里的音乐！
237,召稼楼,1,3,召稼楼位于闵行区浦江镇，是上海最早垦荒种地的地区，召稼楼文化是上海农耕文化的起源。上海召稼楼古镇景区为国家AAAA级旅游景区，拥有五百年的人文历史，源于元初，横跨元明清三个朝代，保留众多明清古建筑如“礼耕堂”、“梅园”等。“召楼三宝”有召楼大曲、召楼羊肉、召楼拆蹄。明朝工部右侍郞谈伦，曾在此建楼鸣钟以召农耕，因此名曰“召稼楼”，为上海垦荒第一楼。古镇市河姚家浜由西稍向东北走向，老街集中市河两侧，隔河相望。素墙灰瓦，深弄曲巷，“高屋窄巷对街楼，小桥流水处人家”
238,东方明珠259米全透明悬空观光廊,2,1,东方明珠上球体259米悬空观光廊是由24组扇型全透明环型玻璃铺设而成的观景走道，地面玻璃最宽处2.15米，最窄处1.75米，立面玻璃高1.9米，上方安装固定金属网。24组玻璃通过与地面衔接处的传动电机可实现打开、关闭，打开时可营造莲花绽放的美学效果，关闭时可恢复原有的球体造型。徜徉其中，游客透过延伸出去的150米长、2.15米宽的强化玻璃，以一个全新的视角看黄浦江水在脚下流淌，将浦东陆家嘴的全貌尽收眼底，切切实实的体验到了云空漫步的美妙意境，像在空中飞一样。
239,龙美术馆西岸馆,2,2,美术馆以理性冷静的工业感与原始感为主调，混泥土外墙，多以简单线条为主，现代艺术感极强。除了本身的建筑设计，每逢樱花季，馆外樱花纷纷盛开，也是美术馆的一大亮点。馆内的艺术展览多以现代风格的画以及一些创意雕塑造型为主，艺术爱好者参观打卡点。
240,浦江郊野公园奇迹花园,1,2,上海马可波罗奇迹花园坐落于上海闵行区浦江郊野公园内，占地43公顷，投资12亿。项目紧邻地铁八号线，交通便利。景区按照国家4A景区标准打造。奇迹花园不仅是一场世界花卉艺术盛会，还有美轮美奂的花舞灯光秀和花园里系列科普教育课程。园区于2016年建设，2017年试运营，期间已接待各国游客近两百万人次。
241,吴江路,1,1,吴江路是上海唯一一条人车分流、呈双层步行街的立体休闲街。位于地铁2号线的南京西路站的出口处，是平行于南京西路的一条小马路，全长不过200余米。经改造已成为时尚的美食街，沿途有造型独特别致的流动售货车和可移动的花坛、树木等。这里集地铁交通、购物休闲、旅游观光和广场文化为一体，是上海受人瞩目的一条特色休闲街。
242,醉白池,2,2,醉白池是江南著名的古典园林之一，是上海的旅游胜地。从这座园林的前身算起，已有九百余年历史。公园面积七十六亩。园内古木葱茏，亭台密布，古迹甚多。它位于上海松江区人民南路，占地5公顷，与上海豫园、嘉定古漪园、秋霞圃、青浦曲水园并称为上海五大古典园林，也是五大园林中是最古老的园林。现醉白池已被扩建为为公园，其中现存园林部分为清顺治七年（公元1650年）工部主事顾大申在明代旧园遗址上所辟建。历经300余年，至今仍保存有堂，轩，亭，舫，榭等古建筑，并保持着明清江南园林风貌，其曲栏横槛、回廊曲径，古色古香。园林布局以一泓池水为中心，环池三面皆为曲廊亭榭。园内古木葱笼，亭台密布，古迹甚多，有四面厅、乐天轩、疑肪、雪海堂、宝成楼、池上草堂等亭台楼阁及邦彦画像石刻、历史艺术碑廊、“十鹿九回头”石刻、《赤壁赋》真迹石刻、《难得糊涂》石刻等艺术瑰宝，还有树龄在三四百年的古银杏、古樟树，年龄在百年以上的牡丹。
243,宋庆龄故居纪念馆,2,2,上海宋庆龄故居是宋庆龄从事革命活动的主要场所，也是她一生中居住时间最长的地方。1949年春宋庆龄迁居于此，在这里迎来了上海的解放。1949年8月，宋庆龄欣然接受中国共产党的邀请，由沪北上出席中国人民政治协商会议，并当选为中央人民政府副主席。建国以后，她经常在此会晤和宴请来访的各国贵宾，积极促进中外交往，维护国际正义。1981年宋庆龄在北京去世后，这里作为她在上海的故居供人瞻仰。1988年5月起向社会公众开放。目前，上海宋庆龄故居为全国重点文物保护单位、国家AAAA级旅游景区、上海宋庆龄故居纪念馆为国家二级博物馆、上海市爱国主义教育基地和红色旅游基地。
244,红坊,2,3,红坊位于淮海西路(570―588号)核心地段，与上海城市雕塑艺术中心融为一体。虽然地处市中心绝佳地段，却少了淮海中路段步行商业街区的繁华，多了梧桐的掩映，闹中取静。
245,苏州河,1,2,苏州河作为近代上海的见证，留下许多具有代表性的历史建筑，如外白渡桥、上海邮政总局、原英国领事馆、上海总商会旧址、四行仓库等，形成了现代上海一道特殊的怀旧风景线。曾经苏州河沿岸工业的兴起导致河水被严重污染，黑臭的河流一度影响了人们的环境和生活，甚至市区段河流鱼虾绝迹，被称为“盛开的黑牡丹”，经过一系列的整治工程，沉睡的苏州河终于觉醒，两岸绿树成荫，不仅水质得到了明显的改善，同时配合沿岸的历史建筑和创意园区构成了上海一处新兴地标，并开辟了苏州河水上夜航游览线路。苏州河全长125公里，它源自太湖，在近外白渡桥附近汇入黄浦江，是上海市境内的第二大河。在上海开埠之前，苏州河一直叫吴淞江，准确说是北新泾以东的吴淞江下游段被称为了“苏州河”，据说是外国人发现可以乘船从这条河到苏州，因此得名。
246,上海世博园,2,4,2010年上海世博会场地位于南浦大桥和卢浦大桥之间，沿着上海城区黄浦江两岸进行布局。世博园区规划用地范围为5.28平方公里，园内分为5大场馆群组成，分别是独立馆群、联合馆群、企业馆群、主题馆群和中国馆群。
247,上海交通大学,1,1,上海交通大学是我国历史最悠久、享誉海内外的高等学府之一。19世纪末，甲午战败，民族危难。盛宣怀先生和一批有识之士秉持“自强首在储才，储才必先兴学”的信念，在上海创办了交通大学的前身——南洋公学。建校伊始，学校即坚持“求实学，务实业”的宗旨，以培养“一等人才”为目标，精勤进取，笃行不倦，在20世纪二、三十年代已成为国内著名的高等学府，被誉为“东方的MIT”。抗战时期，广大师生历尽艰难，内迁重庆，坚持办学，不少学生投笔从戎，浴血沙场。解放前夕，广大师生积极投身民主革命，学校被誉为“民主堡垒”。 新中国成立初期，为配合国家经济建设的需要，学校调整出一批优势院系、学科，支持国内兄弟院校的发展；五十年代中期，学校响应国家建设大西北的号召，历经西迁、两地办学、独立办学等变迁，为构建新中国的高等教育体系，促进社会主义建设做出了重要贡献。六、七十年代，学校先后归属国防科工委和原六机部领导，积极投身国防科研和国防人才培养，为“两弹一星”和国防现代化做出了巨大贡献。 改革开放特别是直属教育部领导以来，学校以“敢为天下先”的精神，大胆推进改革：率先组成教授代表团访问美国，率先实行校内管理体制改革，率先接受海外友人巨资捐赠等，有力地推动了学校的教学科研改革。1984年，邓小平同志亲切接见了学校主要领导和师生代表，对上海交通大学的改革给予了充分肯定。在国家和上海市的大力支持下，学校以“上水平、创一流”为目标，以学科建设为龙头，先后恢复和兴建了理科、管理学科、生命学科、法学和人文学科，1999年原上海农学院并入，2005年与原上海第二医科大学强强合并。至此，学校完成了综合性大学的学科布局。近年来，通过国家“211工程”和“985工程”的建设，学校高层次人才日渐汇聚，科研实力快速提升，实现了向研究型大学的 转变。中共中央原总书记江泽民就是毕业于上海交通大学。
248,鲁迅公园,1,3,鲁迅公园建于清光绪二十二年，这里曾是鲁迅先生常来散步的地方，如今是上海主要历史文化纪念性公园。园内景点主要有国家级文物保护单位——鲁迅墓、上海鲁迅纪念馆、尹奉吉义举纪念地——梅亭及碑石。公园内有山有水有瀑布，山水之间，堤桥相连，景色优美。除了能在公园里感受到英国自然风景园的布局风格外，还可以领略传统中国造园艺术的美丽。
249,中山公园,1,2,中山公园原名兆丰公园，1914年英国人兆丰在沪时始建，是当时上海最负盛名的公园。后为纪念孙中山先生而改名为中山公园。公园面积虽然不大，但空气和环境都很好，凉亭、假山、草地、花圃、河塘、儿童乐园等一应俱全，是附近居民户外活动的场所。公园以英国式自然造园风格为主，融中国园林艺术之精华，中西合壁，风格独特，是迄今上海原有景观风格保持最为完整的老公园。其中银门叠翠（公园南大门）、花墅凝香（牡丹园）、水榭絮雨（陈家池）、绿茵晨晖（大草坪）、芳圃吟红（月季园）、双湖环碧（鸳鸯湖）、荷池清月（荷花池）、林苑耸秀（山水园）、独木傲霜（大悬铃木）、石亭夕照（大理石亭）、虹桥蒸雪（大石桥）、旧园遗韵（后园门）被誉为中山公园十二景观。
250,周公馆,2,1,周公馆是思南路上的一座西班牙式花园洋楼，曾是1946年周恩来在上海工作、生活过的地方。原为法国商所有，两幢小洋楼，两个大花园，进门就能看见藤萝花架，看上去幽静宜人。整体被保护得很好，现在依然能看到当时的房间布局，还能看到按原样复制的家具和一些工作物品。
251,同济大学,1,2,中国最早的七所国立大学之一，与复旦大学、上海交通大学、华东师范大学并称上海四大名校学校的建筑专业非常出名，除了富有年代感的教学楼外，也能看到不少外形现代的建筑造型这里还是上海有名的赏樱地，三月校园里樱花盛放，一派朝气蓬勃，还有樱花节、摄影展等活动。
252,华东政法大学,1,2,华东政法大学长宁校区原为圣约翰大学校园。1879年，美国圣公会派的施约瑟主教在此筹建了约翰学院。校园内，中西结合风格的韬奋楼最值得一看，其原名“怀施堂”，后来为了祭奠邹韬奋而改名。怀施堂是圣约翰大学最为著名的建筑物，为二屋砖木结构四合院教学楼。墙体以青砖为主，配以局部红砖线条和拱券，栏杆均采用木花板形式。木门、木窗、木地板、木楼梯很有情调。校园内有着大片的草坪，石子铺成的小路，低矮的树丛，充满学术氛围。
253,紫藤园,1,2,嘉定紫藤园坐落在上海市西北郊的嘉定区博乐路环城河畔，为纪念嘉定区与日本冈山县和气町开展友好交往十周年建立友好关系五周年而建。公园始建于1997年9月，1999年5月对外开放，2000年4月22日举办开园仪式。公园占地面积10000多平方米，园内共有优良紫藤100余株，品种各异，花朵硕大，花色鲜艳，有紫、红、粉红、鹅黄、洁白等各色。花穗长一般在80至140厘米，最长者超过150厘米紫藤园的布局既具有中国山水园林的特色，同时也融入了部分日本造园风格。园内有水体、假山、小桥、亭子、棚架、石灯笼等景点。整个紫藤园中水体占近2000平方米，架占1500平方米、草坪1300平方米、林地2000余平方米、植物材料主要以春季花灌木为主，有日本的樱花（同为藤本道生先生捐赠）、中国的白玉兰、杜鹃、红枫、海棠等树种，同时还有群众喜爱的桂花、腊梅、银杏、榉树等树种，所以整个园子显得自然、活泼、千姿百态。在中日双方的共同努力下，每年四月下旬，园内紫花串串、芳香诱人，让人寻味无穷。
254,梅赛德斯-奔驰文化中心,2,1,"梅赛德斯-奔驰文化中心是全球顶级的娱乐、文化、体育及休闲圣殿，从购物到餐饮一应俱全。文化中心拥有五个观众楼层、18,000个座位、82个VIP包厢、多功能酒廊及会议室，配备顶级音响及演出设施。作为沪上具有活力的先锋娱乐地标，场馆汇聚了国内外炙手可热的文化、演艺及体育盛事。滚石乐队、泰勒·斯威夫特、陈奕迅、BigBang、周杰伦的演唱会，以及NBA国际系列赛中国站都在此举办过。"
255,九曲桥,1,2,九曲桥实为七曲桥，从池边到池中心的湖心亭，只有七个曲。九曲桥九曲十八弯，且每个弯曲的角度大小不一，有大于90度直角的，也有小于90度直角的。九曲桥如今的桥面为花岗石板，每一弯曲处一块石板上均雕刻一朵季节性花朵，如正月水仙、二月杏花、三月桃花……直到十二月腊梅。池中央，一座荷花仙子的雕像似乎含笑迎接着来往的游客。
256,上海展览中心,2,2,上海展览中心建成于1955年，原名“中苏友好大厦”，是上海的代表性建筑之一，也是50年代上海市建造的首座大型建筑，与北京展览馆一样同属俄罗斯古典主义建筑风格。宽大对称的建筑，标志性的红五星，内部穹顶高拱、立柱浮雕，水晶吊灯，无一不沉稳华丽，展示着前苏联的建筑风采。上海展览中心所在地原为英籍犹太人哈同的私人花园爱俪园，俗称哈同花园，哈同与其夫人罗迦陵相继去世后，太平洋战争爆发，被进入公共租界的日军侵占，几经战乱哈同花园逐渐荒废。馆内常年举办五花八门的展览，每次都人潮涌涌，或多或少总有点收获。
257,鲁迅纪念馆,2,2,上海鲁迅纪念馆位于上海市虹口区四川北路2288号鲁迅公园内。1951年由华东军政委员会文化部谢旦如先生负责筹建，1999年完成改扩建，是新中国第一座人物性纪念馆，馆名由周恩来总理题写。纪念馆是一幢具鲁迅故乡绍兴民居风格的建筑，文物文献资料20余万件，其中一级文物达160余件，6000余件为珍贵、重要文物。上海鲁迅纪念馆以鲁迅纪念馆的生平陈列、鲁迅墓、鲁迅故居 三位一体。
258,惠民公园,1,2,上海惠民公园园址原系公墓，占地1.12万平方米。1958年该地被上海丝织二厂征用，但后来又未按原计划扩建。墓地原来树木较多，且生长良好，榆林区人民委员会于1959年5月收回其中8000平方米土地，经略加整修辟为儿童公园，当年10月对外开放，不收门票。早期公园中的一亭一绿廊均系竹木结构，道路为泥石路面，后来将泥石路改建为水泥路，竹亭改为钢筋混凝土结构的六角亭。“文化大革命”期间，园内一些设施受到不同程度的损坏，1977年为此闭园进行整修，除调整绿化布局外，改建了紫藤廊和儿童乐园围栏。1979年10月公园重新开放，改为售票公园。在园北大门内置一圆形花坛，花坛后的广场上散栽梧桐。园中部丛植的乔木旁有六角亭。园东南为儿童乐园，内设滑梯、转盘、荡湖船、跷跷板、十样景等游乐设施。公园的周边以种植珊瑚树为主，多植花灌木，并以大叶黄杨作为绿篱。园内有黑松、龙柏、珊瑚树、蚊母树、香樟、白玉兰、广玉兰、海棠、丁香、花桃、桂花、腊梅等乔灌木51种共1480株。
259,和平公园,1,2,上海和平公园于1958年建成，占地 264 亩，其中水面积为 50 亩，是一座以中国自然山水园林风格为特色的综合性公园，国家AAA级旅游风景区。上海和平公园共分三个景区，即风景游览区、动物观赏区、儿童娱乐区。
260,毛泽东旧居,2,1,上海毛泽东故居，建筑面积520平方米，在威海路583弄（原公共租界慕尔鸣路甲秀里），是一幢二楼二底、砖木结构、坐南朝北的老式石库门里弄住宅建筑上海毛泽东旧居。这幢楼的七号，就是毛泽东和夫人杨开慧在1924年2月至年底住过的地方。
261,法华塔,2,2,嘉定法华塔，又名金沙塔，位于嘉定州桥老街。始建于宋代开禧年间，此后，明代万历年间，清代康熙、雍正、乾隆、嘉庆及民国时期均有不同程度的修缮。1996年1月对法华塔地宫进行清理发掘，先后发现了宋、元、明三代的一批佛像、书籍、古钱、玉器等珍贵文物。1996年，按明代风格对该塔进行了修复。如今，老街已形成以一塔、二河、三街、四桥融为一体的江南水乡佳景。
262,金罗店美兰湖景区,1,2,上海最大的异国风情旅游景区，分为美兰湖休闲文化区、高尔夫运动文化体验区、宝山寺佛教建筑文化区等三大片。它以纯生态绿色环境、茂密的森林覆盖、清新自然的空气、浓缩的北欧精华建筑群落为特色，被誉为“北上海最美丽的地方”。倚身船舷，任船儿随风摇曳，岸边满目红墙绿树、美景依览。
263,龙华烈士陵园,1,3,龙华烈士陵园占地285亩，建有纪念、瞻仰、碑苑、遗址、烈士墓、就义地及地下通道、青少年教育活动和游憩等区域。每一区域都由不同的建筑群构成。人们在瞻仰缅怀英烈的同时，又沉浸在文化和艺术的氛围中。龙华烈士陵园建筑的艺术特点是主题、主轴线、立体建筑的融合，以及“过去”、“现在”、“未来”的交替。红岩石、入口广场、园名牌楼、纪念桥、纪念广场、纪念碑、纪念馆、无名烈士陵等一系列建筑井然有序地坐落在陵园的南北主轴线上。入口处的红岩石，以其特定的思想意蕴点出了陵园的人文主题；纪念广场是陵园的中心地带；纪念馆以四层素色花岗石阶梯与金字塔型的蓝色玻璃幕墙和谐组合，于庄严凝重中透出明朗开阔的意境……这些建筑成功地营造出陵园独特的纪念氛围，并以其庄重大器、中西合璧、富有时代气息的建筑风格，使龙华烈士陵园成为上海标志性纪念建筑。
264,中福会少年宫,2,3,国家名誉主席宋庆龄亲手创办的中福会少年宫成立于1953年6月1日，是全国第一家少年宫。作为群众性、综合性的少年儿童校外教育机构，少年宫始终遵循“实验性、示范性，加强科学研究和对外交往与合作”的办宫方针，积极探索、创新与实践，首创了“布谷鸟歌咏节”、“小孔雀舞蹈节”、“戏剧节”和“少年儿童游戏节”等一系列在上海、乃至全国颇有影响的少儿阵地活动，还承接完成了八五国家重点课题《少年宫教育发展史》，九五国家重点课题《面向21世纪中国少年宫的现状调查与对策研究》2019年10月，被列入第八批全国重点文物保护单位名单。
265,同乐坊,2,2,上海最早建立的轻工业群落，同乐坊它座落于西康路、余姚路和海防路围合而成的三角形地带，临近长寿路商圈、静安寺商圈、 南京西路CBD商务中心。同乐坊占地面积约11300平方米，建筑面积约20000平方米。同乐坊古已有之。从20世纪20年代起，作为沪西工业区，沿苏 州河一带皆是一些有名的大厂，而同乐坊所在的西康路、余姚路则集中了极具上海特色的弄堂与小型工厂建筑。根据1947年的英制地图记载，当时的同乐坊内座 落着中国钢铁工厂、中国钢品厂、马宝山糖果饼干制造厂、增泰纺织染厂、三元橡皮印刷厂、芷江大戏院、芷江电影院、西海商场、竞华中小学等。同乐坊这些极具老上海特色的弄堂工厂，展示了老上海民族工业和文化的一个独特部分。
